title,image-url,description,source,tags
"Mysteries and Miseries of America's Great Cities, embracing New York, Washington City, San Francisco, Salt Lake City, and New Orleans ... Illustrated with numerous engravings",https://live.staticflickr.com/5515/11163238823_78cd57869d_b.jpg,"Buel, James William, A. L. Bancroft, San Francisco, 1883",https://www.flickr.com/photos/britishlibrary/11163238823/in/album-72157639959761466,"book-cover,1880s,san-francisco"
"A Game at Chess; or, When Jew meets Greek. And In and Out of Zion [Stories.]",https://live.staticflickr.com/2863/11225135604_6a9d904215_b.jpg,"Fogerty, J., Diprose & Bateman, London (England), 1894",https://www.flickr.com/photos/britishlibrary/11225135604/in/album-72157639959761466,"book-cover,1890s,london-england"
A Lawyer's Secret [Tales.],https://live.staticflickr.com/3752/11236865794_7ae453c212_b.jpg,"Lloyd, Herbert, W. Andrews, London (England), 1896",https://www.flickr.com/photos/britishlibrary/11236865794/in/album-72157639959761466,"book-cover,1890s,london-england"
A Manchester Shirtmaker: a realistic story of to-day,https://live.staticflickr.com/5499/11202799023_9b9acc19b4_b.jpg,"Law, John, 1854-1923, ' Co-operative Publishing, London (England), 1890",https://www.flickr.com/photos/britishlibrary/11202799023/in/album-72157639959761466,"book-cover,1890s,london-england"
A Narrative. By Sir F. B. H. Supplemental chapter [A vindication of his government of Upper Canada.],https://live.staticflickr.com/3672/11016323936_fa065d0482_b.jpg,"Head, Francis Bond, Sir, Baronet, London (England), 1839",https://www.flickr.com/photos/britishlibrary/11016323936/in/album-72157639959761466,"book-cover,1830s,london-england"
"A Naturalist in North Celebes. A narrative of travels in Minahassa, the Sangir and Talaut Islands, with notices of the fauna, flora and ethnology of the districts visited ... With maps and illustrations",https://live.staticflickr.com/2836/11201872275_b6f03c5c86_b.jpg,"Hickson, Sydney John, John Murray, London (England), 1889",https://www.flickr.com/photos/britishlibrary/11201872275/in/album-72157639959761466,"book-cover,1880s,london-england"
"A Ramble in Malta and Sicily, in the autumn of 1841 ... Illustrated with sketches taken on the spot, and drawn on stone by the author",https://live.staticflickr.com/3694/11019824325_d38320bd75_b.jpg,"Angas, George French, Smith, Elder, London (England), 1842",https://www.flickr.com/photos/britishlibrary/11019824325/in/album-72157639959761466,"book-cover,1840s,london-england"
A series of miscellaneous rough sketches of Oriental heads [By C. Grant.],https://live.staticflickr.com/5521/11023349293_af209dc904_b.jpg,"Grant, Colesworthey, 1813-1880, Thacker, Calcutta, 1844",https://www.flickr.com/photos/britishlibrary/11023349293/in/album-72157639959761466,"book-cover,1840s,calcutta"
"Africa. Antropologia della stirpe Camitica, etc",https://live.staticflickr.com/5535/11241755775_0d93f02a91_b.jpg,"Sergi, Giuseppe, 1841-1936, Torino, 1897",https://www.flickr.com/photos/britishlibrary/11241755775/in/album-72157639959761466,"book-cover,1890s,torino"
"Awful Calamities: or, the shipwrecks of December, 1839, ... on the coast of Massachusetts ... Sixth edition",https://live.staticflickr.com/5477/11017165915_f7a51f2109_b.jpg,"J. Howe, Boston, 1840",https://www.flickr.com/photos/britishlibrary/11017165915/in/album-72157639959761466,"book-cover,1840s,boston"
Belgium and the Rhine ... Second edition,https://live.staticflickr.com/5536/11028215243_d5b348ebe1_b.jpg,"Ramsay, Thomas, esq, London (England), 1848",https://www.flickr.com/photos/britishlibrary/11028215243/in/album-72157639959761466,"book-cover,1840s,london-england"
Betrayed by a shadow,https://live.staticflickr.com/2851/11206075966_0cbc0c8120_b.jpg,"Dean, Raven, 1863-1926, Griffith & Farran ; Thomas Upward, Exeter ; London (England), 1890",https://www.flickr.com/photos/britishlibrary/11206075966/in/album-72157639959761466,"book-cover,1890s,exeter-london-england"
Biography and Poetical Remains of the late Margaret Miller Davidson ... Third edition,https://live.staticflickr.com/7309/11020291003_a0a371c0f0_b.jpg,"Irving, Washington, 1842",https://www.flickr.com/photos/britishlibrary/11020291003/in/album-72157639959761466,"book-cover,1840s"
Bosnien in Bild und Wort. Zwanzig Federzeichnungen von J. J. Kirchner mit erklärendem Texte von A. v. Schweiger-Lerchenfeld,https://live.staticflickr.com/5525/11131069323_d708b192a1_b.jpg,"Kirchner, J. J., Wien, 1879",https://www.flickr.com/photos/britishlibrary/11131069323/in/album-72157639959761466,"book-cover,1870s,wien"
"Chronik des Marktes Melk umfassend den Zeitraum vom 890 bis 1890, etc",https://live.staticflickr.com/3808/11204321943_571d1b5d20_b.jpg,"Linde, Franz Xavier, Melk, 1890",https://www.flickr.com/photos/britishlibrary/11204321943/in/album-72157639959761466,"book-cover,1890s,melk"
"Chronique du crime et de l'innocence; recueil des évènemens les plus tragiques; empoisonnemens, assassinats ... et autres forfaits, commis en France, etc",https://live.staticflickr.com/3742/11009300776_9b6a5cf4e6_b.jpg,"Champagnac, J.-B.-J. (Jean-Baptiste-Joseph), 1796-1858, Paris, 1833",https://www.flickr.com/photos/britishlibrary/11009300776/in/album-72157639959761466,"book-cover,1830s,paris"
Colliery Working and Management ... With underground photographs and numerous other illustrations,https://live.staticflickr.com/7361/11235162673_a1b0037f3f_b.jpg,"Bulman, H. F. (Harrison Francis), C. Lockwood, London (England), 1896",https://www.flickr.com/photos/britishlibrary/11235162673/in/album-72157639959761466,"book-cover,1890s,london-england"
"Crieff: its traditions and characters, with anecdotes of Strathearn. (Second series [Compiled by D. Macara, with the assistance of D. Kippen.])",https://live.staticflickr.com/2834/11237844134_1ed245cc0c_b.jpg,"Kippen, D., D. Macara, Edinburgh (Scotland), 1896",https://www.flickr.com/photos/britishlibrary/11237844134/in/album-72157639959761466,"book-cover,1890s,edinburgh-scotland"
Curl'd Darling,https://live.staticflickr.com/5481/11235831925_b62dd133b3_b.jpg,"Peacock, Ferdinand Mansel, Simpkin, Marshall, London (England), 1896",https://www.flickr.com/photos/britishlibrary/11235831925/in/album-72157639959761466,"book-cover,1890s,london-england"
"De Paris au Tibet; notes de voyage [Edited, with a 'Notice sur F. Garnier,' by L. Garnier.] Ouvrage contenant 40 gravures et une carte",https://live.staticflickr.com/3792/11149644095_e88976593f_b.jpg,"Garnier, Marie Joseph Francis, Paris, 1882",https://www.flickr.com/photos/britishlibrary/11149644095/in/album-72157639959761466,"book-cover,1880s,paris"
"Der Reichstadt Nürnberg letztes Schicksal und ihr Uebergang an Bayern, etc",https://live.staticflickr.com/3722/11064476004_b61b62e69e_b.jpg,"Baader, Joseph, Königl. Archivs-Conservator in Nürnberg, Nürnberg, 1863",https://www.flickr.com/photos/britishlibrary/11064476004/in/album-72157639959761466,"book-cover,1860s,nürnberg"
"British Library digitised image from page 5 of ""Die Märztage des Jahres 1798. Kriegsgeschichtliche Darstellung der Ereignisse im Kampfe Berns mit den französischen Armeen. Mit zwei geographischen Übersichtskarten ... Illustreirt von Hans Beat Wieland ...",https://live.staticflickr.com/7423/11245073025_1c86007966_b.jpg,"Badertscher, Gustav Adolf, Bern, 1898",https://www.flickr.com/photos/britishlibrary/11245073025/in/album-72157639959761466,"book-cover,1890s,bern"
Eastwood Old Hall. A tale of Derbyshire life in the XVIth century,https://live.staticflickr.com/3750/11234288196_6c373ae05f_b.jpg,"Challis, Mima, W. Edmunds, Chesterfield (England), 1896",https://www.flickr.com/photos/britishlibrary/11234288196/in/album-72157639959761466,"book-cover,1890s,chesterfield-england"
Geschichte der Stadt Breisach ... Mit einem Vorwort von Dr. Weiss,https://live.staticflickr.com/5471/11037587655_d9a5d0db1b_b.jpg,"Rosman, P., Freiburg im Breisgau, 1851",https://www.flickr.com/photos/britishlibrary/11037587655/in/album-72157639959761466,"book-cover,1850s,freiburg-im-breisgau"
"Gold, Silver, Lead. A collection of original stories. ... Edited by Mrs. Valentine",https://live.staticflickr.com/7365/11082976306_c62209a433_b.jpg,"Jewry, afterwards Valentine, Laura, London (England), 1867",https://www.flickr.com/photos/britishlibrary/11082976306/in/album-72157639959761466,"book-cover,1860s,london-england"
Il Professore : Romanzo,https://live.staticflickr.com/3681/11205724983_a347aed88b_b.jpg,"Brontë, Charlotte, 1816-1855, Milano (Italy), 1890",https://www.flickr.com/photos/britishlibrary/11205724983/in/album-72157639959761466,"book-cover,1890s,milano-italy"
"Im dunkelsten Afrika ... Aus dem Englischen von H. von Wobeser, etc",https://live.staticflickr.com/7365/11206407005_6ce0455457_b.jpg,"Wobeser, Hugo von, Leipzig, 1890",https://www.flickr.com/photos/britishlibrary/11206407005/in/album-72157639959761466,"book-cover,1890s,leipzig"
In My Lady's Chamber: a speculative romance ... By Colossa,https://live.staticflickr.com/7333/11100237794_0a7516a8f2_b.jpg,"J. Burns, London (England), 1873",https://www.flickr.com/photos/britishlibrary/11100237794/in/album-72157639959761466,"book-cover,1870s,london-england"
Ivy Leaves; a collection of poems,https://live.staticflickr.com/3786/11022586525_3bfcec5fcf_b.jpg,"Varley, afterwards Banks, Isabella, London (England), 1844",https://www.flickr.com/photos/britishlibrary/11022586525/in/album-72157639959761466,"book-cover,1840s,london-england"
"Jeanne d'Arc et la Normandie au XVme siècle. Illustrations, etc",https://live.staticflickr.com/3804/11238797545_cf89d3d4ff_b.jpg,"Joan, of Arc, Saint, 1412-1431, Rouen, 1896",https://www.flickr.com/photos/britishlibrary/11238797545/in/album-72157639959761466,"book-cover,1890s,rouen"
Konstantinápolyi emlékeim [With a portrait of the author.],https://live.staticflickr.com/2872/11221792364_5be3353793_b.jpg,"Chriszto, Miklós, Gyulán, 1893",https://www.flickr.com/photos/britishlibrary/11221792364/in/album-72157639959761466,"book-cover,1890s,gyulán"
"Le Zone colonizzabili dell'Eritrea e delle finitime regioni etiopiche. Con ... carte, etc",https://live.staticflickr.com/2817/11204605943_b2fb5d7b33_b.jpg,"Borsari, Ferdinando, Milano, 1890",https://www.flickr.com/photos/britishlibrary/11204605943/in/album-72157639959761466,"book-cover,1890s,milano"
"Lehrbuch der Weltgeschichte für Töchterschulen ... Zehnte verbesserte und ... vermehrte Auflage, etc [by F. G. G. Kurts]",https://live.staticflickr.com/3735/11031806825_fbb804d161_b.jpg,"Kurts, Friedrich Gustav Gerhard, Breslau, 1850",https://www.flickr.com/photos/britishlibrary/11031806825/in/album-72157639959761466,"book-cover,1850s,breslau"
"London (illustrated) . A complete guide to the leading hotels, places of amusement ... Also a directory ... of first-class reliable houses in the various branches of trade",https://live.staticflickr.com/3756/11247349876_e6edcf5473_b.jpg,"Henry Herbert, London (England), 1872",https://www.flickr.com/photos/britishlibrary/11247349876/in/album-72157639959761466,"book-cover,1870s,london-england"
Memorie istoriche della città di Offida nella Marca d'Ancona,https://live.staticflickr.com/5495/11022138006_3c6b6514ee_b.jpg,"Arduini, Carlo, Fermo, 1844",https://www.flickr.com/photos/britishlibrary/11022138006/in/album-72157639959761466,"book-cover,1840s,fermo"
"Metempsychosis. A poem, in two parts. By A. T. H. B. Ms. corrections",https://live.staticflickr.com/3803/11066962275_6210715fac_b.jpg,"B, A. T. H., A. Monticelli, Valparaiso, 1864",https://www.flickr.com/photos/britishlibrary/11066962275/in/album-72157639959761466,"book-cover,1860s,valparaiso"
"Mothers and Daughters: a comedy in five acts, etc",https://live.staticflickr.com/7392/11023057374_3a5c7ff560_b.jpg,"Bell, Robert, author, John Mortimer Edition: Second edition, with an explanatory preface, London (England), 1844",https://www.flickr.com/photos/britishlibrary/11023057374/in/album-72157639959761466,"book-cover,1840s,london-england"
Poems and Sketches,https://live.staticflickr.com/5509/11063558983_732f84bfe4_b.jpg,"Wallace, Alexander, Glasgow (Scotland), 1862",https://www.flickr.com/photos/britishlibrary/11063558983/in/album-72157639959761466,"book-cover,1860s,glasgow-scotland"
Presumption of Law [A novel.] By a Lawyer and a Lady,https://live.staticflickr.com/3736/11212277916_fb418ac9fd_b.jpg,"Griffith & Farran, London (England), 1891",https://www.flickr.com/photos/britishlibrary/11212277916/in/album-72157639959761466,"book-cover,1890s,london-england"
Random Rhymes,https://live.staticflickr.com/7336/11238076756_bb87dbe4d4_b.jpg,"Wood, Sam, writer, W. R. Massie, Barnsley (England), 1896",https://www.flickr.com/photos/britishlibrary/11238076756/in/album-72157639959761466,"book-cover,1890s,barnsley-england"
San Cristoforo della Pace [near Venice; being an account of a visit to the Cemetery there],https://live.staticflickr.com/2832/11016315806_4ff5240983_b.jpg,"Sagredo, Agostino, count, Venezia, 1839",https://www.flickr.com/photos/britishlibrary/11016315806/in/album-72157639959761466,"book-cover,1830s,venezia"
"Secularia; or, surveys on the mainstream of history",https://live.staticflickr.com/5539/11064144676_c4b53c8f70_b.jpg,"Lucas, Samuel, 1818-1868, London (England), 1862",https://www.flickr.com/photos/britishlibrary/11064144676/in/album-72157639959761466,"book-cover,1860s,london-england"
Strange Cases from a Detective's Diary,https://live.staticflickr.com/3714/11233856804_264efdea76_b.jpg,"Casson, R. T., Ward, Lock, London (England), 1895",https://www.flickr.com/photos/britishlibrary/11233856804/in/album-72157639959761466,"book-cover,1890s,london-england"
The Adventures of George Washington Pratt. A story of the New Zealand gold-fields,https://live.staticflickr.com/7406/11205982983_aeee5bf4c1_b.jpg,"Pyke, Vincent, Hutchinson, London (England), 1890",https://www.flickr.com/photos/britishlibrary/11205982983/in/album-72157639959761466,"book-cover,1890s,london-england"
The Aldine 'O'er Land and Sea.' Library,https://live.staticflickr.com/2849/11206606555_28fece0595_b.jpg,"Aldine Publishing, London (England), 1890",https://www.flickr.com/photos/britishlibrary/11206606555/in/album-72157639959761466,"book-cover,1890s,london-england"
The Aldine 'O'er Land and Sea.' Library,https://live.staticflickr.com/7380/11205681555_7886664ec0_b.jpg,"Aldine Publishing, London (England), 1890",https://www.flickr.com/photos/britishlibrary/11205681555/in/album-72157639959761466,"book-cover,1890s,london-england"
The Aldine 'O'er Land and Sea.' Library,https://live.staticflickr.com/3722/11205562923_9b8fb5a775_b.jpg,"Aldine Publishing, London (England), 1890",https://www.flickr.com/photos/britishlibrary/11205562923/in/album-72157639959761466,"book-cover,1890s,london-england"
The Aldine 'O'er Land and Sea.' Library,https://live.staticflickr.com/7422/11205407374_8dc4708231_b.jpg,"Aldine Publishing, London (England), 1890",https://www.flickr.com/photos/britishlibrary/11205407374/in/album-72157639959761466,"book-cover,1890s,london-england"
The Aldine 'O'er Land and Sea.' Library,https://live.staticflickr.com/7336/11205069166_b4a11fc703_b.jpg,"Aldine Publishing, London (England), 1890",https://www.flickr.com/photos/britishlibrary/11205069166/in/album-72157639959761466,"book-cover,1890s,london-england"
The Aldine 'O'er Land and Sea.' Library,https://live.staticflickr.com/5517/11204530593_6c1c45ced7_b.jpg,"Aldine Publishing, London (England), 1890",https://www.flickr.com/photos/britishlibrary/11204530593/in/album-72157639959761466,"book-cover,1890s,london-england"
The Aldine 'O'er Land and Sea.' Library,https://live.staticflickr.com/2816/11204065496_c6477b4761_b.jpg,"Aldine Publishing, London (England), 1890",https://www.flickr.com/photos/britishlibrary/11204065496/in/album-72157639959761466,"book-cover,1890s,london-england"
The Aldine 'O'er Land and Sea.' Library,https://live.staticflickr.com/5519/11203991613_416a04b585_b.jpg,"Aldine Publishing, London (England), 1890",https://www.flickr.com/photos/britishlibrary/11203991613/in/album-72157639959761466,"book-cover,1890s,london-england"
The Aldine 'O'er Land and Sea.' Library,https://live.staticflickr.com/3804/11203932106_7d54e0c26e_b.jpg,"Aldine Publishing, London (England), 1890",https://www.flickr.com/photos/britishlibrary/11203932106/in/album-72157639959761466,"book-cover,1890s,london-england"
The Aldine 'O'er Land and Sea.' Library,https://live.staticflickr.com/3812/11202978926_35de1185cd_b.jpg,"Aldine Publishing, London (England), 1890",https://www.flickr.com/photos/britishlibrary/11202978926/in/album-72157639959761466,"book-cover,1890s,london-england"
The Aldine 'O'er Land and Sea.' Library,https://live.staticflickr.com/3737/11202701636_353d03694b_b.jpg,"Aldine Publishing, London (England), 1890",https://www.flickr.com/photos/britishlibrary/11202701636/in/album-72157639959761466,"book-cover,1890s,london-england"
The birth of Fleetwood-on-Wyre,https://live.staticflickr.com/7387/11023098963_6c84f0e278_b.jpg,"Umbra, Uriah, pseudonym, Fleetwood (England), 1844",https://www.flickr.com/photos/britishlibrary/11023098963/in/album-72157639959761466,"book-cover,1840s,fleetwood-england"
"The Commercial College Magazine, etc. no. 10. Dec. 1862/Jan. 1863 [With a prospectus of the college.]",https://live.staticflickr.com/2869/11064456243_9a4ec160c5_b.jpg,"Halifax, 1863",https://www.flickr.com/photos/britishlibrary/11064456243/in/album-72157639959761466,"book-cover,1860s,halifax"
"British Library digitised image from page 5 of ""The Golden Fleece Gazette: a weekly journal of narrative, science, adventure, and daily occurrences. Written by the passengers of the steam ship 'Golden Fleece,' during their homeward voyage from India, May-",https://live.staticflickr.com/5540/11239852286_6923818486_b.jpg,"Inglis, Daniel Halkett Craigie, London (England), 1863",https://www.flickr.com/photos/britishlibrary/11239852286/in/album-72157639959761466,"book-cover,1860s,london-england"
The Great Eastern Railway Company's Tourist-Guide to the Continent. ... With illustrations ... and a map,https://live.staticflickr.com/7453/11130639055_c04ff0a0ab_b.jpg,"Lindley, Percy, London (England), 1879",https://www.flickr.com/photos/britishlibrary/11130639055/in/album-72157639959761466,"book-cover,1870s,london-england"
The Heart of a Maid,https://live.staticflickr.com/5507/11205801124_06a6d063ff_b.jpg,"Grange, Beatrice, pseudonym [i.e. Alice Macdonald Kipling, afterwards Fleming], A. H. Wheeler, Allahabad, 1890",https://www.flickr.com/photos/britishlibrary/11205801124/in/album-72157639959761466,"book-cover,1890s,allahabad"
"The History of Basing House, in Hampshire ... Tenth edition [With an engraving of Basing House.]",https://live.staticflickr.com/5525/11055248225_cef5ffcaff_b.jpg,"Samuel Chandler, Basingstoke (England), 1858",https://www.flickr.com/photos/britishlibrary/11055248225/in/album-72157639959761466,"book-cover,1850s,basingstoke-england"
The Japs at Home,https://live.staticflickr.com/5550/11232457816_4287ccef2e_b.jpg,"Sladen, Douglas Brooke Wheelton, Ward Edition: Fifth edition, to which are added, some bits of China, etc, London (England), 1895",https://www.flickr.com/photos/britishlibrary/11232457816/in/album-72157639959761466,"book-cover,1890s,london-england"
The King's Musketeer: an historical romance of old Paris and the Huguenots,https://live.staticflickr.com/7407/11029039304_6c9c9307fc_b.jpg,"Saint John, Percy Bolingbroke, London (England), 1848",https://www.flickr.com/photos/britishlibrary/11029039304/in/album-72157639959761466,"book-cover,1840s,london-england"
The Northern Poetical Keepsake [A selection of poems.],https://live.staticflickr.com/5550/11235583423_5461a75bba_b.jpg,"Fisher, Newcastle upon Tyne, 1856",https://www.flickr.com/photos/britishlibrary/11235583423/in/album-72157639959761466,"book-cover,1850s,newcastle-upon-tyne"
"Thought-Crystals in Verse, etc",https://live.staticflickr.com/7460/11221056274_e911cf9f86_b.jpg,"Pryer, William Stephen, G. Gill, London (England), 1893",https://www.flickr.com/photos/britishlibrary/11221056274/in/album-72157639959761466,"book-cover,1890s,london-england"
"Tommy Toddles's Comic Almenak, for all't foaks e Leeds (e t' Wurld) an raand abaght (for 1862, 1863-69, 1870-74) ... Be Tommy Toddles, Eesquear",https://live.staticflickr.com/7344/11063368814_2197be27fc_b.jpg,"Toddles, Tommy, pseudonym, J. Heaton, Leeds (England), 1862",https://www.flickr.com/photos/britishlibrary/11063368814/in/album-72157639959761466,"book-cover,1860s,leeds-england"
"Tossed About: or, Through strange adventures to fortune",https://live.staticflickr.com/5533/11204553506_fc7517a429_b.jpg,"Wright, W. S., Jarrold, London (England), 1890",https://www.flickr.com/photos/britishlibrary/11204553506/in/album-72157639959761466,"book-cover,1890s,london-england"
Two Mothers of One [A tale.],https://live.staticflickr.com/2836/11238215474_502782f69f_b.jpg,"Roofer, Roof, pseudonym [i.e. Rufus Randell], Digby & Long, London (England), 1896",https://www.flickr.com/photos/britishlibrary/11238215474/in/album-72157639959761466,"book-cover,1890s,london-england"
"Victoria Grove, a poem, etc",https://live.staticflickr.com/7353/11030392054_19acf94b33_b.jpg,"Pecqueur, Augustus T., Tunbridge Wells (England), 1849",https://www.flickr.com/photos/britishlibrary/11030392054/in/album-72157639959761466,"book-cover,1840s,tunbridge-wells-england"
We Two at Monte Carlo,https://live.staticflickr.com/3773/11202575895_f673701ebf_b.jpg,"Vandam, Albert Dresden, Chapman & Hall, London (England), 1890",https://www.flickr.com/photos/britishlibrary/11202575895/in/album-72157639959761466,"book-cover,1890s,london-england"
Wien und die Wiener .... Zweite ... vermehrte Auflage,https://live.staticflickr.com/5526/11022848576_a9d98f54c9_b.jpg,"Koch, Matthias, historian, Karlsruhe, 1844",https://www.flickr.com/photos/britishlibrary/11022848576/in/album-72157639959761466,"book-cover,1840s,karlsruhe"
Хивинская экспедиція 1839-40 гг. Очерки и воспоминанія очевидца,https://live.staticflickr.com/3804/11103188045_31584cb78e_b.jpg,"Ivanov, N. P., Санктпетербургъ, 1873",https://www.flickr.com/photos/britishlibrary/11103188045/in/album-72157639959761466,"book-cover,1870s,санктпетербургъ"
"British Library digitised image from page 6 of ""A New Gazetteer of the Eastern Continent; or a Geographical Dictionary: containing ... a description of all the countries, kingdoms, states ... &c. in Europe, Asia, Africa, and their adjacent Islands ... Ill",https://live.staticflickr.com/3694/10998983206_880993279e_b.jpg,"Morse, Jedidiah, 1761-1826, Charlestown (United States of America), 1802",https://www.flickr.com/photos/britishlibrary/10998983206/in/album-72157639959761466,"book-cover,1800s,charlestown-united-states-of-america"
Geschichte der Stadt und des Amtes Geldern,https://live.staticflickr.com/5533/11064535254_7fabb6ed30_b.jpg,"Nettesheim, Joseph Friedrich, Crefeld, 1863",https://www.flickr.com/photos/britishlibrary/11064535254/in/album-72157639959761466,"book-cover,1860s,crefeld"
"'Beautiful Canada,' or Scenes from our home land. pt. 1",https://live.staticflickr.com/7331/11237623016_8c3fd2ae40_b.jpg,"W. A. Hart, Toronto, 1896",https://www.flickr.com/photos/britishlibrary/11237623016/in/album-72157639959761466,"book-cover,1890s,toronto"
"British Library digitised image from page 7 of ""'Ten thousand Chinese Things.' A descriptive catalogue of the Chinese Collection [owned by N. Dunn], now exhibiting at St. George's Place, Hyde Park Corner, London ... By Wm. B. Langdon ... First English edi",https://live.staticflickr.com/3745/11020417593_d9e880f17f_b.jpg,"Dunn, Nathan, London (England), 1842",https://www.flickr.com/photos/britishlibrary/11020417593/in/album-72157639959761466,"book-cover,1840s,london-england"
"A Brighton Mystery; or, the Disappearance of Captain Jarvice",https://live.staticflickr.com/3673/11228826066_41597dbe84_b.jpg,"Hemyng, Bracebridge, Diprose & Bateman, London (England), 1894",https://www.flickr.com/photos/britishlibrary/11228826066/in/album-72157639959761466,"book-cover,1890s,london-england"
A Child of the Age [A novel.],https://live.staticflickr.com/5486/11229357355_670aecdbdf_b.jpg,"Adams, Francis William Lauderdale, 1862-1893, John Lane, London (England), 1894",https://www.flickr.com/photos/britishlibrary/11229357355/in/album-72157639959761466,"book-cover,1890s,london-england"
"A complete history of the great flood at Sheffield on March 11 and 12, 1864 ... Illustrated, etc",https://live.staticflickr.com/3745/11067084646_d465a606a7_b.jpg,"Harrison, Samuel, of Sheffield, S. Harrison, London ; Sheffield (England), 1864",https://www.flickr.com/photos/britishlibrary/11067084646/in/album-72157639959761466,"book-cover,1860s,london-sheffield-england"
A Guide to Dublin ... Second edition,https://live.staticflickr.com/3714/11193178895_f51a2611cb_b.jpg,"Sullivan, Timothy Daniel, T. D. Sullivan, Dublin (Ireland), 1888",https://www.flickr.com/photos/britishlibrary/11193178895/in/album-72157639959761466,"book-cover,1880s,dublin-ireland"
"A Most Provoking Girl. A tale of the East Coast, etc",https://live.staticflickr.com/5485/11234057094_1ab17d6324_b.jpg,"Black, Margaret Moyes, Oliphant, Edinburgh ; London (England ; Scotland), 1896",https://www.flickr.com/photos/britishlibrary/11234057094/in/album-72157639959761466,"book-cover,1890s,edinburgh-london-england-scotland"
"A New Comic Annual. Nobody's Baby. A Christmas fancy for maids, wives, etc",https://live.staticflickr.com/5547/11064301233_c4ec7a744f_b.jpg,"London (England), 1863",https://www.flickr.com/photos/britishlibrary/11064301233/in/album-72157639959761466,"book-cover,1860s,london-england"
A Short History of Romsey. Charities and industries. The Abbey ... Edited by F. G. Walker [Illustrated.],https://live.staticflickr.com/7345/11236119394_69783175c5_b.jpg,"Walker, Frederick George, Miss Chignell, Romsey, 1896",https://www.flickr.com/photos/britishlibrary/11236119394/in/album-72157639959761466,"book-cover,1890s,romsey"
A Society Scandal [A novel.] By Rita. (Eleventh thousand.),https://live.staticflickr.com/2829/11202990983_c98781fa7f_b.jpg,"Rita, 1860-1938, Trischler, London (England), 1890",https://www.flickr.com/photos/britishlibrary/11202990983/in/album-72157639959761466,"book-cover,1890s,london-england"
"A Strange Story. By the author of 'Rienzi' [i.e. Lord Lytton], etc",https://live.staticflickr.com/2859/11064924065_7c29233009_b.jpg,"Lytton, Edward Bulwer Lytton, Baron, 1803-1873, S. H. Goetzel Edition: Second edition, Mobile, 1863",https://www.flickr.com/photos/britishlibrary/11064924065/in/album-72157639959761466,"book-cover,1860s,mobile"
Aan het Minnewater. 3 schetsen uit het Brugsche leven,https://live.staticflickr.com/7366/11248682826_5bae5d5b9b_b.jpg,"Sabbe, Maurits, Antwerpen, 1898",https://www.flickr.com/photos/britishlibrary/11248682826/in/album-72157639959761466,"book-cover,1890s,antwerpen"
Amy Fairfax. ... A novelette,https://live.staticflickr.com/3726/11057793414_ecd9601e58_b.jpg,"Mayer, Samuel Ralph Townshend, London (England), 1859",https://www.flickr.com/photos/britishlibrary/11057793414/in/album-72157639959761466,"book-cover,1850s,london-england"
"An Account of the Burman Empire and the kingdom of Assam, etc",https://live.staticflickr.com/3759/11015887704_76f904fa70_b.jpg,"Hamilton, Walter, m.r.a.s, Calcutta, 1839",https://www.flickr.com/photos/britishlibrary/11015887704/in/album-72157639959761466,"book-cover,1830s,calcutta"
"Beknopte Geschiedenis van Friesland, in Hoofdtrekken ... uit vele vroegere en latere bronnen bewerkt ... Met eene Schetskaart",https://live.staticflickr.com/7323/11037019765_73dab07d0e_b.jpg,"Eekhoff, W. (Wopke), 1809-1880, Leeuwarden, 1851",https://www.flickr.com/photos/britishlibrary/11037019765/in/album-72157639959761466,"book-cover,1850s,leeuwarden"
"Berneck und seine nächsten Umgebungen ... Zweite, ganz umgearbeitete Auflage",https://live.staticflickr.com/3686/11023060183_67e6ca878a_b.jpg,"Adler, G. K., Bayreuth, 1844",https://www.flickr.com/photos/britishlibrary/11023060183/in/album-72157639959761466,"book-cover,1840s,bayreuth"
"Beskrifning öfver badorterna å Sverges vestra Kust, etc",https://live.staticflickr.com/7384/11056201795_0aeb845d9c_b.jpg,"Wallin, J., of Gothenburg, Göteborg, 1858",https://www.flickr.com/photos/britishlibrary/11056201795/in/album-72157639959761466,"book-cover,1850s,göteborg"
Black's Guide to the Isle of Man,https://live.staticflickr.com/3793/11235352674_fa9e7e0bf1_b.jpg,"Black, Adam, publisher, London (England), 1896",https://www.flickr.com/photos/britishlibrary/11235352674/in/album-72157639959761466,"book-cover,1890s,london-england"
"Brighton, past and present: a handbook for visitors and residents",https://live.staticflickr.com/3765/11236224454_47cae94ab4_b.jpg,"Merrifield, Mary Philadelphia, Mrs, Brighton (England), 1857",https://www.flickr.com/photos/britishlibrary/11236224454/in/album-72157639959761466,"book-cover,1850s,brighton-england"
"By Fell and Fjord; or, scenes and studies in Iceland ... With illustrations",https://live.staticflickr.com/3776/11150742554_c98537aa61_b.jpg,"Oswald, E. J., Blackwood ; Edinburgh (Scotland), 1882",https://www.flickr.com/photos/britishlibrary/11150742554/in/album-72157639959761466,"book-cover,1880s,blackwood-edinburgh-scotland"
Caledonian Railway. Tours in Scotland [With maps.],https://live.staticflickr.com/3768/11221748294_1f3b15de8a_b.jpg,"Glasgow (Scotland), 1893",https://www.flickr.com/photos/britishlibrary/11221748294/in/album-72157639959761466,"book-cover,1890s,glasgow-scotland"
"Chronik von Reudnitz. Reudnitz-Leipzig in seiner Vergangenheit und seiner Gegenwart. Chronikalisch-statistische Darstellung, etc",https://live.staticflickr.com/7419/11203281025_135d8dcd78_b.jpg,"Moser, Otto, Leipzig-Reudnitz, 1890",https://www.flickr.com/photos/britishlibrary/11203281025/in/album-72157639959761466,"book-cover,1890s,leipzig-reudnitz"
"Chronique du Hainaut et de Mons, publiée par A. L. L.P",https://live.staticflickr.com/3688/11019966254_33f1a656a1_b.jpg,"Lacroix, Augustin, Archiviste, à Mons, Mons, 1842",https://www.flickr.com/photos/britishlibrary/11019966254/in/album-72157639959761466,"book-cover,1840s,mons"
"Compendio de historia universal que comprende los principales acontecimientos del mundo, desde la Creacion hasta nuestros dias, etc. tom. 1",https://live.staticflickr.com/5541/11043376853_4c11910fbc_b.jpg,"Silva, Manuel Maria, Valencia, 1854",https://www.flickr.com/photos/britishlibrary/11043376853/in/album-72157639959761466,"book-cover,1850s,valencia"
"Concise Guide to London, with map, etc",https://live.staticflickr.com/3727/11177458904_d97a4a8b4d_b.jpg,"J. & R. Maxwell, London (England), 1885",https://www.flickr.com/photos/britishlibrary/11177458904/in/album-72157639959761466,"book-cover,1880s,london-england"
Cook's Handbook for London. With two maps,https://live.staticflickr.com/5474/11220789725_5dbf73521a_b.jpg,"Cook, Thomas, Simpkin, Marshall ; Thos. Cook Edition: Another edition, London ; New York (England ; United States of America), 1893",https://www.flickr.com/photos/britishlibrary/11220789725/in/album-72157639959761466,"book-cover,1890s,london-new-york-england-united-states-of-america"
Cook's Handbook for London. With two maps,https://live.staticflickr.com/2853/11207863843_7d4807880d_b.jpg,"Cook, Thomas, Simpkin, Marshall ; Thos. Cook Edition: Another edition, London ; New York (England ; United States of America), 1890",https://www.flickr.com/photos/britishlibrary/11207863843/in/album-72157639959761466,"book-cover,1890s,london-new-york-england-united-states-of-america"
"Corographia historica, chronographica, genealogica, nobiliaria, e politica do Imperio do Brasil",https://live.staticflickr.com/2828/11055109805_5d594a74d6_b.jpg,"Mello Moraes, Alexandre José de, the Elder, Rio de Janeiro, 1858",https://www.flickr.com/photos/britishlibrary/11055109805/in/album-72157639959761466,"book-cover,1850s,rio-de-janeiro"
"Darstellungen alter preussischer Schlösser gezeichnet von Frau Gräfin zu Dohna ... Mit historischen Einleitungen von ... J. V, etc. Heft 1 (vom Oberlehrer Dr Witt. Heft 2, 3)",https://live.staticflickr.com/2852/11009387754_84d039be69_b.jpg,"Dohna, zu, countess, Berlin, 1833",https://www.flickr.com/photos/britishlibrary/11009387754/in/album-72157639959761466,"book-cover,1830s,berlin"
"Dartmoor, and its surroundings: what to see and how to find it ... With a chapter on 'Dartmoor Fishing' by Edgar Shrubsole, etc [With illustrations and a map.]",https://live.staticflickr.com/3684/11252527133_b76ddc0257_b.jpg,"Cresswell, Beatrix Feodore, Beechings, London (England), 1899",https://www.flickr.com/photos/britishlibrary/11252527133/in/album-72157639959761466,"book-cover,1890s,london-england"
"Das heutige Mexiko. Land und Volk unter Spaniens Herrschaft, sowie nach erlangter Selbständigkeit, etc [With plates.]",https://live.staticflickr.com/3827/11069834176_12c604ca7a_b.jpg,"Armin, Th, pseudonym [i.e. Maria Witter], Leipzig, 1865",https://www.flickr.com/photos/britishlibrary/11069834176/in/album-72157639959761466,"book-cover,1860s,leipzig"
Der Anteil Graubündens am Schwabenkrieg. Festschrift zur Calvenfeier. (Geschichtliche Darstellung von C. Jecklin. Berichte und Urkunden zusammengestellt von F. Jecklin.),https://live.staticflickr.com/3808/11253738523_b0965cb917_b.jpg,"Jecklin, Fritz, Davos, 1899",https://www.flickr.com/photos/britishlibrary/11253738523/in/album-72157639959761466,"book-cover,1890s,davos"
"British Library digitised image from page 7 of ""Der vorgeschichtliche Mensch. Ursprung und Entwickelung des Menschengeschlechtes ... Begonnen von W. Baer. Nach dessen Tode unter Mitwirkung von ... Dr. H. Schaaffhausen vollendet und herausgegeben von Fried",https://live.staticflickr.com/3670/11105188105_d0b12c1d82_b.jpg,"Hellwald, Friedrich Anton Heller von, Baron, Leipzig, 1874",https://www.flickr.com/photos/britishlibrary/11105188105/in/album-72157639959761466,"book-cover,1870s,leipzig"
Det Danske Vestindien,https://live.staticflickr.com/3797/11229618194_911ef73c87_b.jpg,"Cavling, Henrik, 1859-1933, Reitzel, Copenhagen ; København (Denmark), 1894",https://www.flickr.com/photos/britishlibrary/11229618194/in/album-72157639959761466,"book-cover,1890s,copenhagen-københavn-denmark"
"Dictionary of Worcester, Massachusetts, and its vicinity ... Second issue. Reprinted from the Worcester Commercial",https://live.staticflickr.com/5498/11222320425_26d2687470_b.jpg,"Rice, Franklin Pierce, F. S. Blanchard, Massachusetts ; Worcester, 1893",https://www.flickr.com/photos/britishlibrary/11222320425/in/album-72157639959761466,"book-cover,1890s,massachusetts-worcester"
"Die Mainufer und ihre nächsten Umgebungen ... Mit 54 Stahlstichen, nach Originalzeichnungen von Fritz Bamberger. Nebst einer Stromkarte vom Main",https://live.staticflickr.com/7446/11023336066_bea7d39bc8_b.jpg,"Braunfels, Ludwig, Würzburg, 1844",https://www.flickr.com/photos/britishlibrary/11023336066/in/album-72157639959761466,"book-cover,1840s,würzburg"
Die Schweizerregimenter in Frankreich. 1789-1792,https://live.staticflickr.com/2860/11055145954_d06c19ec26_b.jpg,"Morel, Carl, St Gallen, 1858",https://www.flickr.com/photos/britishlibrary/11055145954/in/album-72157639959761466,"book-cover,1850s,st-gallen"
"British Library digitised image from page 7 of ""Die Stadt Neuwied chorographisch beschrieben in Bezug auf die nächste Umgebung derselben, nebst einer kurzen geschichtlichen Uebersicht ihrer wichtigsten Lokal-Ereignisse und der Dynastie des Wiedischen Fürs",https://live.staticflickr.com/5471/11034941045_4b94292e30_b.jpg,"Cassino, Carl, Neuwied, 1851",https://www.flickr.com/photos/britishlibrary/11034941045/in/album-72157639959761466,"book-cover,1850s,neuwied"
Eugene Aram ... Copyright edition,https://live.staticflickr.com/3717/11165175604_0c3ddd32b1_b.jpg,"Lytton, Edward Bulwer Lytton, Baron, 1803-1873, John Dicks Edition: Another edition, With eight illustrations by M. W. Ridley, London (England), 1883",https://www.flickr.com/photos/britishlibrary/11165175604/in/album-72157639959761466,"book-cover,1880s,london-england"
"Forty Years in New Zealand: including a personal narrative, an account of Maoridom, and of the Christianization and colonization of the country [With plates, including a portrait.]",https://live.staticflickr.com/2817/11121309834_397f8d8e35_b.jpg,"Buller, James, Wesleyan minister, Hodder & Stoughton, London (England), 1878",https://www.flickr.com/photos/britishlibrary/11121309834/in/album-72157639959761466,"book-cover,1870s,london-england"
Funny Books for Boys and Girls. Struwelpeter. Good-for-nothing Boys and Girls. Troublesome Children. King Nutcracker and Poor Reinhold,https://live.staticflickr.com/3682/11047673543_5df20df16f_b.jpg,"David Bogue, London (England), 1856",https://www.flickr.com/photos/britishlibrary/11047673543/in/album-72157639959761466,"book-cover,1850s,london-england"
Geografía elemental de la república del Salvador,https://live.staticflickr.com/5484/11206439335_28294a16f8_b.jpg,"Dawson, Guillermo J., Paris, 1890",https://www.flickr.com/photos/britishlibrary/11206439335/in/album-72157639959761466,"book-cover,1890s,paris"
"Geographie des Menschen, ethnographisch, statistisch und historisch ... Aus dem Französischen mit nachträglichen Verbesserungen und Bereicherungen des Verfassers ins Deutsche übersetzt von C. H. Hugendubel",https://live.staticflickr.com/7436/11015994875_8875d856fc_b.jpg,"Rougemont, Frédéric de, Bern ; Chur ; Leipzig, 1839",https://www.flickr.com/photos/britishlibrary/11015994875/in/album-72157639959761466,"book-cover,1830s,bern-chur-leipzig"
"British Library digitised image from page 7 of ""Geschichte der Februar-Revolution und des ersten Jahres der französischen Republik von 1848. Mit einer Einleitung, enthaltend die Darstellung der Regierung Frankreichs seit 1830 und der Ursachen der Revoluti",https://live.staticflickr.com/3759/11029594745_1afa300c21_b.jpg,"Bamberg, F. S., of Paris, Braunschweig, 1848",https://www.flickr.com/photos/britishlibrary/11029594745/in/album-72157639959761466,"book-cover,1840s,braunschweig"
Geschichte der Freiheitskriege von 1813-1815,https://live.staticflickr.com/3701/11068255654_696df30d31_b.jpg,"Wagler, Fr. Adalbert, Berlin, 1864",https://www.flickr.com/photos/britishlibrary/11068255654/in/album-72157639959761466,"book-cover,1860s,berlin"
"Geschichte der Stadt Köln, meist aus den Quellen des Kölner Stadt-Archivs",https://live.staticflickr.com/3745/11064894916_3dde8b898a_b.jpg,"Ennen, Leonard, Köln & Neuss, 1863",https://www.flickr.com/photos/britishlibrary/11064894916/in/album-72157639959761466,"book-cover,1860s"
Geschichte der Stadt Konstanz und ihrer nächsten Umgebung,https://live.staticflickr.com/5528/11234029554_de75c1e4a1_b.jpg,"Laible, Joseph, Konstanz, 1896",https://www.flickr.com/photos/britishlibrary/11234029554/in/album-72157639959761466,"book-cover,1890s,konstanz"
"Geschichte der Stadt Mainz während der zweiten französischen Herrschaft, 1798-1814 [With plates.]",https://live.staticflickr.com/2830/11205568785_4e02f1866b_b.jpg,"Bockenheimer, Carl Georg, Mainz, 1890",https://www.flickr.com/photos/britishlibrary/11205568785/in/album-72157639959761466,"book-cover,1890s,mainz"
"Geschichte von Karlsbad, in medicinischer, topographischer geselliger Beziehung",https://live.staticflickr.com/7326/11016131236_dc1373500e_b.jpg,"Hlawáček, Eduard, Prag, 1839",https://www.flickr.com/photos/britishlibrary/11016131236/in/album-72157639959761466,"book-cover,1830s,prag"
Geschiedenis van Amsterdam,https://live.staticflickr.com/5526/11128481676_069ac75b82_b.jpg,"Gouw, Jan ter, Amsterdam, 1879",https://www.flickr.com/photos/britishlibrary/11128481676/in/album-72157639959761466,"book-cover,1870s,amsterdam"
"Geschiedenis van Grobbendonk, etc",https://live.staticflickr.com/2875/11242147063_2b63556820_b.jpg,"Goetschalckx, Pieter Jozef, Hoogstraten, 1897",https://www.flickr.com/photos/britishlibrary/11242147063/in/album-72157639959761466,"book-cover,1890s,hoogstraten"
"Giessen und seine Umgebungen. Ein Führer für Fremde und Einheimische, und Gabe freundlicher Erinnerung an alle seine Musensöhne [With plates.]",https://live.staticflickr.com/7414/11022300575_47613cffcc_b.jpg,"Dieffenbach, Johann Philipp, Darmstadt, 1844",https://www.flickr.com/photos/britishlibrary/11022300575/in/album-72157639959761466,"book-cover,1840s,darmstadt"
Greece under King George [With a map.],https://live.staticflickr.com/2819/11224738285_dbf488cf48_b.jpg,"Smith, Roandeu Albert Henry Bickford, R. Bentley, London (England), 1893",https://www.flickr.com/photos/britishlibrary/11224738285/in/album-72157639959761466,"book-cover,1890s,london-england"
"Guy's South of Ireland Pictorial Guide, etc",https://live.staticflickr.com/2838/11205424504_0aec112aa1_b.jpg,"Cork, 1890",https://www.flickr.com/photos/britishlibrary/11205424504/in/album-72157639959761466,"book-cover,1890s,cork"
"Handbook of New Zealand. By J. Hector ... With maps and plates. Third edition, revised",https://live.staticflickr.com/3667/11162298923_6298bc4272_b.jpg,"Dominion Museum (N.Z.) [organisation] ; Hector, James, Sir, Wellington, 1883",https://www.flickr.com/photos/britishlibrary/11162298923/in/album-72157639959761466,"book-cover,1880s,wellington"
Handbook to the Highland Railway ... Season 1890. Ninth edition [of the work by G. and P. Anderson] . Revised and enlarged. By P. J. Anderson,https://live.staticflickr.com/3808/11206562436_b3c345e6af_b.jpg,"Anderson, George, of Inverness, Northern Chronicle, Inverness (Scotland), 1890",https://www.flickr.com/photos/britishlibrary/11206562436/in/album-72157639959761466,"book-cover,1890s,inverness-scotland"
Histoire des Communes Belges,https://live.staticflickr.com/7385/11035197233_7eb2d3940d_b.jpg,"Stroobant, Corneille, Bruxelles, 1851",https://www.flickr.com/photos/britishlibrary/11035197233/in/album-72157639959761466,"book-cover,1850s,bruxelles"
"British Library digitised image from page 7 of ""Histoire des Environs de Bruxelles, ou description historique des localités qui formaient autrefois l'ammannie de cette ville par A. W. ... Ouvrage faisant suite à l'Histoire de Bruxelles par A. Henne et A.",https://live.staticflickr.com/7356/11035458816_3d968489a7_b.jpg,"Wauters, Alphonse, Bruxelles, 1851",https://www.flickr.com/photos/britishlibrary/11035458816/in/album-72157639959761466,"book-cover,1850s,bruxelles"
"Historia de la Conquista de México ... traducida al Español por J. Navarro. (Suplemento. Notas y esclarecimientos ... por J. F. Ramirez ... Esplicacion de las laminas [by I. R. Gondra], etc)",https://live.staticflickr.com/7313/11023045525_8ff0f833e3_b.jpg,"Navarro, Joaquin, translator, (Mexico), 1844",https://www.flickr.com/photos/britishlibrary/11023045525/in/album-72157639959761466,"book-cover,1840s,mexico"
"Historique des Volontaires de l'Oise, enrolés pour la défense de la patrie en Septembre 1792, etc",https://live.staticflickr.com/5527/11064477054_4ffd84104d_b.jpg,"Horoy, Adolphe, Paris, 1863",https://www.flickr.com/photos/britishlibrary/11064477054/in/album-72157639959761466,"book-cover,1860s,paris"
History of France. ... Translated by G. H. Smith,https://live.staticflickr.com/5484/11022804356_dec246878a_b.jpg,"Michelet, Jules, 1798-1874, London (England), 1844",https://www.flickr.com/photos/britishlibrary/11022804356/in/album-72157639959761466,"book-cover,1840s,london-england"
"British Library digitised image from page 7 of ""History of the United States of America: ... to the present time [Drawn from Hinton's History, Holmes' 'Annals,' etc.] By T. P. Shaffner [assisted by C. Ball? and others] . Illustrated with steel engravings,",https://live.staticflickr.com/5526/11064230615_3f7989613a_b.jpg,"Ball, Charles, esq, London ; New York (England ; United States of America), 1863",https://www.flickr.com/photos/britishlibrary/11064230615/in/album-72157639959761466,"book-cover,1860s,london-new-york-england-united-states-of-america"
Idylls of the King. Vivien. Elaine. Enid. Guinevere ... With ... decorations by G. W. Rhead and L. Rhead,https://live.staticflickr.com/7290/11245929664_9f2540c546_b.jpg,"Tennyson, Alfred Tennyson, Baron, 1809-1892, R. H. Russell, New York (United States of America), 1898",https://www.flickr.com/photos/britishlibrary/11245929664/in/album-72157639959761466,"book-cover,1890s,new-york-united-states-of-america"
"British Library digitised image from page 7 of ""Illustrated Official Handbook of the Cape and South Africa. A résumé of the history, conditions, populations, productions, and resources of the several colonies, states, and territories. Edited by John Noble",https://live.staticflickr.com/3808/11236939026_57f68c3943_b.jpg,"Noble, John, Clerk of the House of Assembly, Cape of Good Hope, J. C. Juta Edition: Second edition, London (England), 1896",https://www.flickr.com/photos/britishlibrary/11236939026/in/album-72157639959761466,"book-cover,1890s,london-england"
Illustrirte Weltgeschichte: ein Buch für's Volk ... Mit Tabellen und Karten,https://live.staticflickr.com/3756/11023429594_4d31d1d34e_b.jpg,"Held, Friedrich Wilhelm Alexander, Leipzig, 1844",https://www.flickr.com/photos/britishlibrary/11023429594/in/album-72157639959761466,"book-cover,1840s,leipzig"
Illustrirte Weltgeschichte: ein Buch für's Volk ... Mit Tabellen und Karten,https://live.staticflickr.com/2872/11023138633_cc68386528_b.jpg,"Held, Friedrich Wilhelm Alexander, Leipzig, 1844",https://www.flickr.com/photos/britishlibrary/11023138633/in/album-72157639959761466,"book-cover,1840s,leipzig"
Illustrirte Weltgeschichte: ein Buch für's Volk ... Mit Tabellen und Karten,https://live.staticflickr.com/7369/11022924564_d81f2243df_b.jpg,"Held, Friedrich Wilhelm Alexander, Leipzig, 1844",https://www.flickr.com/photos/britishlibrary/11022924564/in/album-72157639959761466,"book-cover,1840s,leipzig"
Illustrirte Weltgeschichte: ein Buch für's Volk ... Mit Tabellen und Karten,https://live.staticflickr.com/2877/11022155085_bcb7bf8c0e_b.jpg,"Held, Friedrich Wilhelm Alexander, Leipzig, 1844",https://www.flickr.com/photos/britishlibrary/11022155085/in/album-72157639959761466,"book-cover,1840s,leipzig"
In Halcyon Seas. A yachting story,https://live.staticflickr.com/5535/11204244763_abde82155b_b.jpg,"Cuninghame, Caroline Madelina Fairlie, Lady, Simpkin, Marshall, London (England), 1890",https://www.flickr.com/photos/britishlibrary/11204244763/in/album-72157639959761466,"book-cover,1890s,london-england"
"Information relative to New Zealand, for the use of Colonists [With maps.]",https://live.staticflickr.com/7337/11017109763_0fc196669d_b.jpg,"J. W. Parker, London (England), 1839",https://www.flickr.com/photos/britishlibrary/11017109763/in/album-72157639959761466,"book-cover,1830s,london-england"
"British Library digitised image from page 7 of ""Introductory remarks to a narrative of the irruption of the Kafir hordes, into the Eastern Province of the Cape of Good Hope, A.D. 1834-35. By the editor of the 'Graham's Town Journal' [i.e. Robert Godlonton",https://live.staticflickr.com/3696/11011054545_c00860e506_b.jpg,"Godlonton, Robert, Meurant & Godlonton, Graham's Town, 1835",https://www.flickr.com/photos/britishlibrary/11011054545/in/album-72157639959761466,"book-cover,1830s,grahams-town"
"Kriget i Norge 1814 ... Med 3 kartor, etc",https://live.staticflickr.com/7397/11224102016_e9251585bb_b.jpg,"Björlin, Johan Gustaf, Stockholm, 1893",https://www.flickr.com/photos/britishlibrary/11224102016/in/album-72157639959761466,"book-cover,1890s,stockholm"
"L'Espace céleste et la nature tropicale, description physique de l'univers ... préface de M. Babinet, dessins de Yan' Dargent",https://live.staticflickr.com/5481/11074573926_cc0c2ec70d_b.jpg,"Dargent, Jean Édouard, calling himself Yan' Dargent, Paris, 1866",https://www.flickr.com/photos/britishlibrary/11074573926/in/album-72157639959761466,"book-cover,1860s,paris"
La Vendée. Le pays.-Les mœurs.-La guerre,https://live.staticflickr.com/2825/11031004134_6375e17c9f_b.jpg,"Balleyguier, Eugène, Lyon ; Paris, 1849",https://www.flickr.com/photos/britishlibrary/11031004134/in/album-72157639959761466,"book-cover,1840s,lyon-paris"
"Laugh and grow wise. By the Senior Owl, of Ivy Hall [Nursery tales, with coloured illustrations.]",https://live.staticflickr.com/3774/11050897976_6ba10f4444_b.jpg,"London (England), 1856",https://www.flickr.com/photos/britishlibrary/11050897976/in/album-72157639959761466,"book-cover,1850s,london-england"
"British Library digitised image from page 7 of ""Le Monde, histoire de tous les peuples depuis les temps les plus reculés jusqu'à nos jours, par MM. Saint Prosper, de Saurigny, Duponchel, le baron Korff, Belloc et l'abbé Martin, revue et continuée par M. E",https://live.staticflickr.com/3695/11056400054_62d9ac93d9_b.jpg,"Duponchel, Augustin Amédée, Paris, 1858",https://www.flickr.com/photos/britishlibrary/11056400054/in/album-72157639959761466,"book-cover,1850s,paris"
"British Library digitised image from page 7 of ""Le Monde, histoire de tous les peuples depuis les temps les plus reculés jusqu'à nos jours, par MM. Saint Prosper, de Saurigny, Duponchel, le baron Korff, Belloc et l'abbé Martin, revue et continuée par M. E",https://live.staticflickr.com/7381/11054871344_ab16e22def_b.jpg,"Duponchel, Augustin Amédée, Paris, 1858",https://www.flickr.com/photos/britishlibrary/11054871344/in/album-72157639959761466,"book-cover,1850s,paris"
"British Library digitised image from page 7 of ""Le Monde, histoire de tous les peuples depuis les temps les plus reculés jusqu'à nos jours, par MM. Saint Prosper, de Saurigny, Duponchel, le baron Korff, Belloc et l'abbé Martin, revue et continuée par M. E",https://live.staticflickr.com/2848/11054436693_a2e42cfc9f_b.jpg,"Duponchel, Augustin Amédée, Paris, 1858",https://www.flickr.com/photos/britishlibrary/11054436693/in/album-72157639959761466,"book-cover,1850s,paris"
Lehrbuch der Weltgeschichte,https://live.staticflickr.com/7446/11058372743_c243ee6b51_b.jpg,"Weiss, Johann Baptist, Professor of History, Wien, 1859",https://www.flickr.com/photos/britishlibrary/11058372743/in/album-72157639959761466,"book-cover,1850s,wien"
"Lives of Eminent and Illustrious Englishmen, from Alfred the Great to the latest times. On an original plan. Edited by G. G. Cunningham. Illustrated by a series of ... portraits, etc",https://live.staticflickr.com/3808/11065368964_8ea398a16c_b.jpg,"Cunningham, George Godfrey, A. Fullarton Edition: Another edition, The English Nation, or a History of England in the lives of Englishmen, etc, Edinburgh ; London (England ; Scotland), 1863",https://www.flickr.com/photos/britishlibrary/11065368964/in/album-72157639959761466,"book-cover,1860s,edinburgh-london-england-scotland"
"Lives of Eminent and Illustrious Englishmen, from Alfred the Great to the latest times. On an original plan. Edited by G. G. Cunningham. Illustrated by a series of ... portraits, etc",https://live.staticflickr.com/2830/11065020444_2235537b73_b.jpg,"Cunningham, George Godfrey, A. Fullarton Edition: Another edition, The English Nation, or a History of England in the lives of Englishmen, etc, Edinburgh ; London (England ; Scotland), 1863",https://www.flickr.com/photos/britishlibrary/11065020444/in/album-72157639959761466,"book-cover,1860s,edinburgh-london-england-scotland"
"Lives of Eminent and Illustrious Englishmen, from Alfred the Great to the latest times. On an original plan. Edited by G. G. Cunningham. Illustrated by a series of ... portraits, etc",https://live.staticflickr.com/3691/11064788036_1c912c31bb_b.jpg,"Cunningham, George Godfrey, A. Fullarton Edition: Another edition, The English Nation, or a History of England in the lives of Englishmen, etc, Edinburgh ; London (England ; Scotland), 1863",https://www.flickr.com/photos/britishlibrary/11064788036/in/album-72157639959761466,"book-cover,1860s,edinburgh-london-england-scotland"
"Lives of Eminent and Illustrious Englishmen, from Alfred the Great to the latest times. On an original plan. Edited by G. G. Cunningham. Illustrated by a series of ... portraits, etc",https://live.staticflickr.com/3790/11064329964_275ecd5ea9_b.jpg,"Cunningham, George Godfrey, A. Fullarton Edition: Another edition, The English Nation, or a History of England in the lives of Englishmen, etc, Edinburgh ; London (England ; Scotland), 1863",https://www.flickr.com/photos/britishlibrary/11064329964/in/album-72157639959761466,"book-cover,1860s,edinburgh-london-england-scotland"
Love and Loyalty. A play in five acts [and in verse.],https://live.staticflickr.com/7419/11043384324_9b05b86847_b.jpg,"Robson, William James, London (England), 1854",https://www.flickr.com/photos/britishlibrary/11043384324/in/album-72157639959761466,"book-cover,1850s,london-england"
Manual of Physical Geography and Institutions of the State of Iowa,https://live.staticflickr.com/7453/11102101226_4b5ece7408_b.jpg,"White, Charles A. (Charles Abiathar), 1826-1910, Davenport, 1873",https://www.flickr.com/photos/britishlibrary/11102101226/in/album-72157639959761466,"book-cover,1870s,davenport"
"Margaret Dunmore: or, a Socialist home [A novel.]",https://live.staticflickr.com/2821/11229677823_4b0615374e_b.jpg,"Clapperton, Jane Hume, Swan Sonnenschein Edition: Second edition, London (England), 1894",https://www.flickr.com/photos/britishlibrary/11229677823/in/album-72157639959761466,"book-cover,1890s,london-england"
Milano e il suo territorio [By various authors. Edited by Cesare Cantu. With plates and maps.],https://live.staticflickr.com/7368/11022100824_cf53ce0505_b.jpg,"Consiglio Comunale (Milan) [organisation] ; Labus, Giovanni, Milano, 1844",https://www.flickr.com/photos/britishlibrary/11022100824/in/album-72157639959761466,"book-cover,1840s,milano"
Milano e il suo territorio [By various authors. Edited by Cesare Cantu. With plates and maps.],https://live.staticflickr.com/2832/11022062444_217a55c910_b.jpg,"Consiglio Comunale (Milan) [organisation] ; Labus, Giovanni, Milano, 1844",https://www.flickr.com/photos/britishlibrary/11022062444/in/album-72157639959761466,"book-cover,1840s,milano"
"Mona's Isle, and other poems",https://live.staticflickr.com/2820/11023036625_0981a74af8_b.jpg,"Kennish, William, London (England), 1844",https://www.flickr.com/photos/britishlibrary/11023036625/in/album-72157639959761466,"book-cover,1840s,london-england"
"Monumenta Eberacensia, etc [With an index by E. Fischer.]",https://live.staticflickr.com/3677/11065435775_1ffb20ae17_b.jpg,"Fischer, Eduard, Assistent am Gymnasium zu Bamberg, Nördlingen, 1863",https://www.flickr.com/photos/britishlibrary/11065435775/in/album-72157639959761466,"book-cover,1860s,nördlingen"
"Ned Kelly, the ironclad Australian Bushranger. By J. S. Borlase",https://live.staticflickr.com/7455/11188535303_c263460120_b.jpg,"Borlase, James Skipp, General Publishing, London (England), 1887",https://www.flickr.com/photos/britishlibrary/11188535303/in/album-72157639959761466,"book-cover,1880s,london-england"
"Nieuwe Geschiedenis van Antwerpen, of schets van de beginsels ... dezer stad, etc",https://live.staticflickr.com/5480/11064012613_c227e333c4_b.jpg,"Torfs, Lodewyk, Antwerpen, 1862",https://www.flickr.com/photos/britishlibrary/11064012613/in/album-72157639959761466,"book-cover,1860s,antwerpen"
"Northern Europe, (Denmark, Sweden, Russia,) local, social, and political, in 1861. With a succinct continuation down to May, 1862",https://live.staticflickr.com/7357/11064212913_2bb97c3aae_b.jpg,"Laurie, William F. B. (William Ferguson Beatson), 1819-1891, London (England), 1862",https://www.flickr.com/photos/britishlibrary/11064212913/in/album-72157639959761466,"book-cover,1860s,london-england"
Notches on the Rough Edge of Life [Stories.],https://live.staticflickr.com/3677/11204767613_2766386f88_b.jpg,"D'Oyle, Lynn Cyril, Chapman & Hall, London (England), 1890",https://www.flickr.com/photos/britishlibrary/11204767613/in/album-72157639959761466,"book-cover,1890s,london-england"
"Odense og nærmeste Omegn i Billeder, og med historisk beskrivende Text ... af J. L",https://live.staticflickr.com/7451/11107833834_5d4ea7e918_b.jpg,"Lauritsen, J., Odense, 1874",https://www.flickr.com/photos/britishlibrary/11107833834/in/album-72157639959761466,"book-cover,1870s,odense"
"Ogledalo Iliriuma, iliti dogodovstina Ilirah, Slavinah, Straznji put Horvatah zvanih, od potopa, to jest godine světa 1656, etc",https://live.staticflickr.com/3685/11016941146_0967721c6f_b.jpg,"Švear, Ivan, Zagrebu, 1839",https://www.flickr.com/photos/britishlibrary/11016941146/in/album-72157639959761466,"book-cover,1830s,zagrebu"
"Ogledalo Iliriuma, iliti dogodovstina Ilirah, Slavinah, Straznji put Horvatah zvanih, od potopa, to jest godine světa 1656, etc",https://live.staticflickr.com/2833/11016713015_515b88bbcf_b.jpg,"Švear, Ivan, Zagrebu, 1839",https://www.flickr.com/photos/britishlibrary/11016713015/in/album-72157639959761466,"book-cover,1830s,zagrebu"
Old Wiltshire Market Towns and Villages ... Illustrated by M. E. Sargent,https://live.staticflickr.com/7302/11236673355_7e51ef7c48_b.jpg,"Sargent, M. E., artist, Houlston, London (England), 1896",https://www.flickr.com/photos/britishlibrary/11236673355/in/album-72157639959761466,"book-cover,1890s,london-england"
"Ons Vaderland. Historisch-romanische schetsen uit de vaderlandsche geschiedenis van de vroegste tyden tot op heden, door G. E. G. met medewerking van eenige vaderlandsche geleerden en letterkundigen",https://live.staticflickr.com/5550/11049931504_7bf4067054_b.jpg,"Gerrits, Gerrit Engelberts, Amsterdam, 1856",https://www.flickr.com/photos/britishlibrary/11049931504/in/album-72157639959761466,"book-cover,1850s,amsterdam"
"Ons Vaderland. Historisch-romanische schetsen uit de vaderlandsche geschiedenis van de vroegste tyden tot op heden, door G. E. G. met medewerking van eenige vaderlandsche geleerden en letterkundigen",https://live.staticflickr.com/7328/11049274133_c1a0b6eccd_b.jpg,"Gerrits, Gerrit Engelberts, Amsterdam, 1856",https://www.flickr.com/photos/britishlibrary/11049274133/in/album-72157639959761466,"book-cover,1850s,amsterdam"
Opmerkingen over Parijs. Met eene plaat,https://live.staticflickr.com/3751/11016356055_a2c12c53cb_b.jpg,"Schlegel, H. (Hermann), 1804-1884, Leijden, 1839",https://www.flickr.com/photos/britishlibrary/11016356055/in/album-72157639959761466,"book-cover,1830s,leijden"
Paterson's Guide to Edinburgh,https://live.staticflickr.com/7395/11110795815_9143744c65_b.jpg,"Paterson, William, publisher, Edinburgh (Scotland), 1875",https://www.flickr.com/photos/britishlibrary/11110795815/in/album-72157639959761466,"book-cover,1870s,edinburgh-scotland"
"Pennsylvania illustrated; a general sketch of the State, its scenery, history and industries. With ... engravings",https://live.staticflickr.com/7430/11106752114_cc76ca689c_b.jpg,"Philadelphia, 1874",https://www.flickr.com/photos/britishlibrary/11106752114/in/album-72157639959761466,"book-cover,1870s,philadelphia"
Pictures from Greek Life and Story ... With illustrations,https://live.staticflickr.com/5546/11222507124_9d56a57789_b.jpg,"Church, Alfred John, 1829-1912, Hutchinson, London (England), 1893",https://www.flickr.com/photos/britishlibrary/11222507124/in/album-72157639959761466,"book-cover,1890s,london-england"
"Picturesque Scotland, its romantic scenes and historical associations, described in lay and legend, song and story ... Illustrated, etc",https://live.staticflickr.com/5502/11189014556_c3f9390e4a_b.jpg,"Carter, Andrew, J. Sangster, London (England), 1887",https://www.flickr.com/photos/britishlibrary/11189014556/in/album-72157639959761466,"book-cover,1880s,london-england"
"Pouillé du Diocèse de Toul, rédigé en 1402, publié pour la première fois, etc",https://live.staticflickr.com/7423/11065238033_f1fe37f735_b.jpg,"Lepage, Henri, Nancy, 1863",https://www.flickr.com/photos/britishlibrary/11065238033/in/album-72157639959761466,"book-cover,1860s,nancy"
"Rays of Genius, collected to enlighten the rising generation. By T. Tomkins",https://live.staticflickr.com/3684/11000830143_964b9312da_b.jpg,"Tomkins, Thomas, 1743-1816, London (England), 1806",https://www.flickr.com/photos/britishlibrary/11000830143/in/album-72157639959761466,"book-cover,1800s,london-england"
"Recent Expeditions to the Polar Regions, including all the voyages undertaken in search of Sir J. F [Compiled from various official documents, and private communications, by R. Huish.] No. 1-60",https://live.staticflickr.com/3757/11039765144_3716302e19_b.jpg,"Franklin, John, 1786-1847, London (England), 1852",https://www.flickr.com/photos/britishlibrary/11039765144/in/album-72157639959761466,"book-cover,1850s,london-england"
"Reisen in den Vereinigten Staaten, Canada und Mexico",https://live.staticflickr.com/7345/11066035524_1f8bacc4fa_b.jpg,"Mueller, J. W. von, Baron, Leipzig, 1864",https://www.flickr.com/photos/britishlibrary/11066035524/in/album-72157639959761466,"book-cover,1860s,leipzig"
"Reize naar de Oost- en Westkust van Zuid-Amerika en van daar naar de Sandwichs- en Philippijnsche Eilanden, China enz. gedaan, in de jaren 1826, 1827, 1828, en 1829 [With plates.]",https://live.staticflickr.com/2823/11011102696_5908fb5924_b.jpg,"Boelen, Jacobus, Schout-bij-Nacht Titulair, Amsterdam, 1835",https://www.flickr.com/photos/britishlibrary/11011102696/in/album-72157639959761466,"book-cover,1830s,amsterdam"
Revista pintoresca de las provincias Bascongadas. Edicion de lujo. Adornada con vistas ... por S. Lambla. Escrita por L. M. de E. y A. A. y H. Entrega 1-45,https://live.staticflickr.com/3831/11022606385_f7ffc655ab_b.jpg,"Lambla, Julio, Bilbao, 1844",https://www.flickr.com/photos/britishlibrary/11022606385/in/album-72157639959761466,"book-cover,1840s,bilbao"
"Rodda's Guide to Penzance, Land's End, Kynance Cove, the Lizard, Isles of Scilly, &c. Also a list of antiquities ... By Rev. W. S. Lach-Szyrma ... Sixth edition",https://live.staticflickr.com/7415/11227118494_9b1651fa75_b.jpg,"Rodda, Frederick, F. Rodda, Penzance (England), 1894",https://www.flickr.com/photos/britishlibrary/11227118494/in/album-72157639959761466,"book-cover,1890s,penzance-england"
"Romantic stories of Stage and Ring; or, glimpses behind the scenes. By a Wandering Musician",https://live.staticflickr.com/2854/11202684414_16e7b1ffd6_b.jpg,"Menzies, Edinburgh ; Glasgow (Scotland), 1890",https://www.flickr.com/photos/britishlibrary/11202684414/in/album-72157639959761466,"book-cover,1890s,edinburgh-glasgow-scotland"
"San Francisco Municipal Reports for the fiscal year 1861-2 [-1866-7, 1868-9-1870-71]",https://live.staticflickr.com/3808/11065126545_ee14c55d7e_b.jpg,"San Francisco, 1863",https://www.flickr.com/photos/britishlibrary/11065126545/in/album-72157639959761466,"book-cover,1860s,san-francisco"
"San Francisco Municipal Reports for the fiscal year 1861-2 [-1866-7, 1868-9-1870-71]",https://live.staticflickr.com/2824/11064927286_f0e4dcd161_b.jpg,"San Francisco, 1863",https://www.flickr.com/photos/britishlibrary/11064927286/in/album-72157639959761466,"book-cover,1860s,san-francisco"
"Satires, rhapsodical, on Aristocracy: by Caius Marcus",https://live.staticflickr.com/3801/11019925594_d3416af3f8_b.jpg,"Marcus, Caius, pseudonym, Manchester, 1842",https://www.flickr.com/photos/britishlibrary/11019925594/in/album-72157639959761466,"book-cover,1840s,manchester"
Skizzen aus Natur- und Völkerleben,https://live.staticflickr.com/7302/11035157293_f2979ed899_b.jpg,"Kohl, J. G. (Johann Georg), 1808-1878, Dresden, 1851",https://www.flickr.com/photos/britishlibrary/11035157293/in/album-72157639959761466,"book-cover,1850s,dresden"
Souvenirs historiques tirés des principaux monuments de Paris et de ses environs ... et illustrés par E. David,https://live.staticflickr.com/7308/11048194216_f980dd27d8_b.jpg,"David, Étienne, artist, Paris, 1856",https://www.flickr.com/photos/britishlibrary/11048194216/in/album-72157639959761466,"book-cover,1850s,paris"
"Stanley and Africa: also, the travels, adventures, and discoveries of Captain John H. Speke, Captain Richard F. Burton ... and other distinguished explorers [With plates, including portraits.]",https://live.staticflickr.com/3808/11203315205_3be9bf2390_b.jpg,"Stanley, Henry M. (Henry Morton), 1841-1904, C. Combridge, Birmingham, 1890",https://www.flickr.com/photos/britishlibrary/11203315205/in/album-72157639959761466,"book-cover,1890s,birmingham"
"Sylvester Sound, the Somnambulist. (Illustrated by Onwhyn.) [With a portrait of the author.]",https://live.staticflickr.com/7292/11022907085_20889431a4_b.jpg,"Onwhyn, Thomas, approximately 1811-1886, W. M. Clark, London (England), 1844",https://www.flickr.com/photos/britishlibrary/11022907085/in/album-72157639959761466,"book-cover,1840s,london-england"
The Antiquities of Norfolk: a Lecture,https://live.staticflickr.com/2888/11023020933_047d558d02_b.jpg,"Hart, Richard, vicar of Catton, Norwich (England), 1844",https://www.flickr.com/photos/britishlibrary/11023020933/in/album-72157639959761466,"book-cover,1840s,norwich-england"
"The Baron's War, including the battles of Lewes and Evesham [With illustrations.]",https://live.staticflickr.com/7418/11022572805_a47f588ede_b.jpg,"Blaauw, William Henry, Baxter ; Nichols, Lewes ; London (England), 1844",https://www.flickr.com/photos/britishlibrary/11022572805/in/album-72157639959761466,"book-cover,1840s,lewes-london-england"
"The Book of Ser Marco Polo, the Venetian, concerning the kingdoms and marvels of the East. Newly translated and edited, with notes, by H. Yule, ... With maps and other illustrations",https://live.staticflickr.com/3804/11110062886_4d0c26d231_b.jpg,"Polo, Marco, 1254-approximately 1323, London (England), 1875",https://www.flickr.com/photos/britishlibrary/11110062886/in/album-72157639959761466,"book-cover,1870s,london-england"
"The British Colonies; their history, extent, condition, and resources",https://live.staticflickr.com/3781/11037756943_95e8e90b72_b.jpg,"Martin, Robert Montgomery, approximately 1803-1868, London ; New York (England ; United States of America), 1851",https://www.flickr.com/photos/britishlibrary/11037756943/in/album-72157639959761466,"book-cover,1850s,london-new-york-england-united-states-of-america"
The Castles and Abbeys of England ... Illustrated by ... engravings,https://live.staticflickr.com/3687/11023273173_11d8580747_b.jpg,"Archer, John Wykeham, George Virtue Edition: Another edition, London (England), 1844",https://www.flickr.com/photos/britishlibrary/11023273173/in/album-72157639959761466,"book-cover,1840s,london-england"
"The Climates, Productions, and Resources of Canada",https://live.staticflickr.com/3744/11096231344_58f0a287a6_b.jpg,"Hurlbert, J. Beaufort, Montreal, 1872",https://www.flickr.com/photos/britishlibrary/11096231344/in/album-72157639959761466,"book-cover,1870s,montreal"
"British Library digitised image from page 7 of ""The contingencies, vicissitudes or changes of this transitory life. Set forth in a ... prologue, spoken for the most part on the 18th and 20th of February 1761 at the tragedy of Jane Shore. With a Benedictiv",https://live.staticflickr.com/7343/10997559194_bbc8e091c0_b.jpg,"Gent, Thomas, of York, York, 1761",https://www.flickr.com/photos/britishlibrary/10997559194/in/album-72157639959761466,"book-cover,1760s,york"
"The Ghost of Greystone Grange, etc",https://live.staticflickr.com/7422/11127306364_8d27670f66_b.jpg,"À Beckett, Arthur William, 1844-1909, Bradbury, Agnew, London (England), 1878",https://www.flickr.com/photos/britishlibrary/11127306364/in/album-72157639959761466,"book-cover,1870s,london-england"
"The Gold Regions of California. Being a succinct description of the geography, history, topography, and general features of California ... Edited by G. G. Foster",https://live.staticflickr.com/3781/11029353746_bfb326de6d_b.jpg,"Foster, George G., Dewitt & Davenport, New York (United States of America), 1848",https://www.flickr.com/photos/britishlibrary/11029353746/in/album-72157639959761466,"book-cover,1840s,new-york-united-states-of-america"
"The History of the Old Ship Inn, Camp Hill: Prince Rupert's Headquarters, 1643. With some remarks on the Prince, Oliver Cromwell, and the Civil War, and an interesting account of Bordesley, &c",https://live.staticflickr.com/5478/11064500624_39dfa1b187_b.jpg,"Turner, Thomas, of Camp Hill, Birmingham, Birmingham, 1863",https://www.flickr.com/photos/britishlibrary/11064500624/in/album-72157639959761466,"book-cover,1860s,birmingham"
The Juvenile Verse and Picture Book,https://live.staticflickr.com/3685/11029812826_02b30c4145_b.jpg,"J. Burns, London (England), 1848",https://www.flickr.com/photos/britishlibrary/11029812826/in/album-72157639959761466,"book-cover,1840s,london-england"
"The King's Highway, daily texts & hymns for a month. Illustrated by F. Hines",https://live.staticflickr.com/5535/11204193476_2aa570e1ec_b.jpg,"E. Nister, London ; Nuremberg (England), 1890",https://www.flickr.com/photos/britishlibrary/11204193476/in/album-72157639959761466,"book-cover,1890s,london-nuremberg-england"
The Last Days of Pompeii ... Second copyright edition,https://live.staticflickr.com/5499/11165127045_e6d552fb03_b.jpg,"Lytton, Edward Bulwer Lytton, Baron, 1803-1873, John Dicks Edition: Another edition, London (England), 1883",https://www.flickr.com/photos/britishlibrary/11165127045/in/album-72157639959761466,"book-cover,1880s,london-england"
The Martins of Cro' Martin. With illustrations by 'Phiz' [i.e. Hablot-Knight Browne.],https://live.staticflickr.com/3741/11047949305_5ba7f46a6b_b.jpg,"Lever, Charles, 1806-1872, London (England), 1856",https://www.flickr.com/photos/britishlibrary/11047949305/in/album-72157639959761466,"book-cover,1850s,london-england"
The Moors and the Fens,https://live.staticflickr.com/5496/11064876963_278ec8c5b1_b.jpg,"Riddell, J. H., Mrs, 1832-1906, London (England), 1863",https://www.flickr.com/photos/britishlibrary/11064876963/in/album-72157639959761466,"book-cover,1860s,london-england"
The Mysteries of the Court of Denmark ... Illustrated,https://live.staticflickr.com/7320/11065476176_1ae083c17c_b.jpg,"Gordon, Charlotte, Lady, pseudonym, London (England), 1863",https://www.flickr.com/photos/britishlibrary/11065476176/in/album-72157639959761466,"book-cover,1860s,london-england"
"British Library digitised image from page 7 of ""The Official Guide to the Norwich Castle Museum, with an account of its origin & progress. By Thomas Southwell ... Also an historical account of the castle keep by Rev. Wm. Hudson ... and a guide to the coll",https://live.staticflickr.com/3814/11238267985_16c56fa7e1_b.jpg,"London (England), 1896",https://www.flickr.com/photos/britishlibrary/11238267985/in/album-72157639959761466,"book-cover,1890s,london-england"
The Official Illustrated Holiday Guide to the North Staffordshire Railway [With illustrations.],https://live.staticflickr.com/7443/11206946596_9d6c88bec0_b.jpg,"George Moores, Manchester, 1890",https://www.flickr.com/photos/britishlibrary/11206946596/in/album-72157639959761466,"book-cover,1890s,manchester"
"The Old Bachelor, after Southey's 'Cataract of Lodore,' described and dedicated to bachelors and bazaars",https://live.staticflickr.com/7389/11016958953_140e86af21_b.jpg,"J. Thompson, Tamworth (England), 1839",https://www.flickr.com/photos/britishlibrary/11016958953/in/album-72157639959761466,"book-cover,1830s,tamworth-england"
The Old Couple. A comedy [in five acts and in verse],https://live.staticflickr.com/2842/10997137256_702fc22304_b.jpg,"May, Thomas, poet, London (England), 1658",https://www.flickr.com/photos/britishlibrary/10997137256/in/album-72157639959761466,"book-cover,1650s,london-england"
"The Pictorial Pocket Guide to Ripon and Harrogate. With topographical observations on Studley-Royal, Brimham Rocks, Hackfall and the monastic remains of Fountains and Bolton",https://live.staticflickr.com/2858/11023261776_b89d0679db_b.jpg,"Walbran, John Richard, Ripon (England), 1844",https://www.flickr.com/photos/britishlibrary/11023261776/in/album-72157639959761466,"book-cover,1840s,ripon-england"
"The Rhine, it's banks and environs, etc",https://live.staticflickr.com/2806/11016782253_ba6141246b_b.jpg,"Addison, Henry Robert, Hauman, Brussels, 1839",https://www.flickr.com/photos/britishlibrary/11016782253/in/album-72157639959761466,"book-cover,1830s,brussels"
The Rhine; from the French ... by D. M. Aird,https://live.staticflickr.com/5506/11041803434_e6ee16ace7_b.jpg,"Hugo, Victor, 1802-1885, London (England), 1853",https://www.flickr.com/photos/britishlibrary/11041803434/in/album-72157639959761466,"book-cover,1850s,london-england"
"The Ruins of Athens; Titania's Banquet, a Mask; and other Poems",https://live.staticflickr.com/2816/11016984093_8fcb07a5b0_b.jpg,"Hill, George, of Washington, Boston ; Massachusetts, 1839",https://www.flickr.com/photos/britishlibrary/11016984093/in/album-72157639959761466,"book-cover,1830s,boston-massachusetts"
"The Secret History of the Court of England from the commencement of 1750, to the reign of William the Fourth",https://live.staticflickr.com/3821/11019282923_2bb992c44a_b.jpg,"W. Brittain, London (England), 1841",https://www.flickr.com/photos/britishlibrary/11019282923/in/album-72157639959761466,"book-cover,1840s,london-england"
The Secret of Sinclair's Farm,https://live.staticflickr.com/5512/11186883793_8f72671c85_b.jpg,"Blyth, Harry, North British Publishing, Glasgow (Scotland), 1887",https://www.flickr.com/photos/britishlibrary/11186883793/in/album-72157639959761466,"book-cover,1880s,glasgow-scotland"
"The Sounds, Lakes, and Rivers of New Zealand. From photographs and sketches",https://live.staticflickr.com/2843/11181189266_75773ff6a1_b.jpg,"Survey Department, Wellington (New Zealand), 1885",https://www.flickr.com/photos/britishlibrary/11181189266/in/album-72157639959761466,"book-cover,1880s,wellington-new-zealand"
The Stranger's Handbook to Chester ... Tenth thousand,https://live.staticflickr.com/3763/11064531566_6b2335f98f_b.jpg,"Hughes, Thomas, 1827-1890, Catherall & Prichard, Chester (England), 1863",https://www.flickr.com/photos/britishlibrary/11064531566/in/album-72157639959761466,"book-cover,1860s,chester-england"
The Summer Tourist. A book for long or short journeys ... Edited by M. E. Braddon,https://live.staticflickr.com/3834/11094329636_b8e8194655_b.jpg,"Braddon, M. E. (Mary Elizabeth), 1835-1915, Ward, Lock & Tyler, London (England), 1871",https://www.flickr.com/photos/britishlibrary/11094329636/in/album-72157639959761466,"book-cover,1870s,london-england"
The Thames; a descriptive poem,https://live.staticflickr.com/5483/11020253066_bf2694763d_b.jpg,"Cornish, Thomas Harttree, William Pickering, London (England), 1842",https://www.flickr.com/photos/britishlibrary/11020253066/in/album-72157639959761466,"book-cover,1840s,london-england"
"The Three Cat's-Eye Rings: a tale of the pursuit of the Khalifa, etc",https://live.staticflickr.com/3830/11253133975_94385e1559_b.jpg,"Ellis, T. Mullett, Simpkin, Marshall, London (England), 1899",https://www.flickr.com/photos/britishlibrary/11253133975/in/album-72157639959761466,"book-cover,1890s,london-england"
"The Tourist's Guide to Hong Kong, with short trips to the Mainland of China [With plans, etc.]",https://live.staticflickr.com/7407/11242658696_3896276579_b.jpg,"Hurley, R. C., R. C. Hurley, Hongkong, 1897",https://www.flickr.com/photos/britishlibrary/11242658696/in/album-72157639959761466,"book-cover,1890s,hongkong"
The Visitant's guide to Windsor Castle ... Second edition,https://live.staticflickr.com/7441/11007155483_1d664118cf_b.jpg,"Windsor, 1828",https://www.flickr.com/photos/britishlibrary/11007155483/in/album-72157639959761466,"book-cover,1820s,windsor"
The Way about Derbyshire. With map ... With illustrations by W. A. Bettesworth,https://live.staticflickr.com/5475/11235827103_506cc98ee0_b.jpg,"Baines, A., m.i.j, Iliffe Edition: (3rd edition) With a comprehensive county gazetteer, edited byA. Baines, London (England), 1896",https://www.flickr.com/photos/britishlibrary/11235827103/in/album-72157639959761466,"book-cover,1890s,london-england"
Thrilling Life Stories for the Masses,https://live.staticflickr.com/7339/11219830004_9f5c8933cd_b.jpg,"Thrilling Stories' Committee, Crewe ; Manchester, 1892",https://www.flickr.com/photos/britishlibrary/11219830004/in/album-72157639959761466,"book-cover,1890s,crewe-manchester"
Thrilling Life Stories for the Masses,https://live.staticflickr.com/2885/11217206976_da02a8b65b_b.jpg,"Thrilling Stories' Committee, Crewe ; Manchester, 1892",https://www.flickr.com/photos/britishlibrary/11217206976/in/album-72157639959761466,"book-cover,1890s,crewe-manchester"
Thrums and its Glens. Historical relics and recollections ... Second edition,https://live.staticflickr.com/7395/11235549706_513ed2b73a_b.jpg,"Stirton, James, Kirriemuir (Scotland), 1896",https://www.flickr.com/photos/britishlibrary/11235549706/in/album-72157639959761466,"book-cover,1890s,kirriemuir-scotland"
"Tirol und Vorarlberg statistisch (statistisch und topographisch), mit geschichtlichen Bemerkungen",https://live.staticflickr.com/7458/11015986935_2e2f738c18_b.jpg,"Staffler, Johann Jakob, Innsbruck, 1839",https://www.flickr.com/photos/britishlibrary/11015986935/in/album-72157639959761466,"book-cover,1830s,innsbruck"
Title,https://live.staticflickr.com/2864/11255448543_d2c67f3a68_b.jpg,"Publisher Edition: Edition, Place of publication (Country of publication)",https://www.flickr.com/photos/britishlibrary/11255448543/in/album-72157639959761466,"book-cover,place-of-publication-country-of-publication"
"Ugly Idol, etc",https://live.staticflickr.com/3776/11237342165_ed47a71238_b.jpg,"Nicholson, Claud, J. Lane, London (England), 1896",https://www.flickr.com/photos/britishlibrary/11237342165/in/album-72157639959761466,"book-cover,1890s,london-england"
Wee Willie Winkie and other child stories. (Reprinted in chief from the 'Week's News.'),https://live.staticflickr.com/3735/11202422175_4a780a13b3_b.jpg,"Kipling, Rudyard, 1865-1936, A. H. Wheeler ; Sampson Low Edition: Another edition, Aberdeen ; Allahabad ; London (England ; Scotland), 1890",https://www.flickr.com/photos/britishlibrary/11202422175/in/album-72157639959761466,"book-cover,1890s,aberdeen-allahabad-london-england-scotland"
Yorkshire Rivers. Reproduced from 'The Yorkshire Weekly Post.',https://live.staticflickr.com/3723/11203933574_cd0852485f_b.jpg,"Bradley, Tom, 1851-1934, Yorkshire Post, Leeds (England), 1890",https://www.flickr.com/photos/britishlibrary/11203933574/in/album-72157639959761466,"book-cover,1890s,leeds-england"
Zoar. A book of verse by Helen & Bernard Bosanquet. (Translations. By Bernard Bosanquet. Verses. By Helen Bosanquet.),https://live.staticflickr.com/5487/11254403045_d3e0be948c_b.jpg,"Dendy, afterwards Bosanquet, Helen, Blackwell, Oxford, 1919",https://www.flickr.com/photos/britishlibrary/11254403045/in/album-72157639959761466,"book-cover,1910s,oxford"
"The Fatal Contract, a French Tragedy [in five acts and in verse], etc [Edited by A. T. and A. P.]",https://live.staticflickr.com/7426/10997093625_e3e697bda6_b.jpg,"Hemings, William, M.A., of Christ Church, Oxford, London (England), 1687",https://www.flickr.com/photos/britishlibrary/10997093625/in/album-72157639959761466,"book-cover,1680s,london-england"
"The Frozen Crew of the Ice-bound Ship; or, the Terrors of the arctic regions. A romance of the wild and wonderful. With illustrations",https://live.staticflickr.com/7444/11085622383_cf2c712898_b.jpg,"Penny Miscellany Office, London (England), 1868",https://www.flickr.com/photos/britishlibrary/11085622383/in/album-72157639959761466,"book-cover,1860s,london-england"
Title,https://live.staticflickr.com/7306/11246225163_48eda5866d_b.jpg,"Publisher Edition: Edition, Place of publication (Country of publication)",https://www.flickr.com/photos/britishlibrary/11246225163/in/album-72157639959761466,"book-cover,place-of-publication-country-of-publication"
A Girl in Ten Thousand,https://live.staticflickr.com/3676/11237872493_d5c15628ed_b.jpg,"Meade, L. T., 1844-1914, Oliphant, Edinburgh ; London (England ; Scotland), 1896",https://www.flickr.com/photos/britishlibrary/11237872493/in/album-72157639959761466,"book-cover,1890s,edinburgh-london-england-scotland"
"A Hymn for All Nations. 1851 ... Translated into thirty languages, etc. (Second edition.)",https://live.staticflickr.com/7347/11036548625_f89629af51_b.jpg,"Tupper, Martin Farquhar, 1810-1889, Thomas Brettell ; sold by Thomas Hatchard, London (England), 1851",https://www.flickr.com/photos/britishlibrary/11036548625/in/album-72157639959761466,"book-cover,1850s,london-england"
"A Lawyer's Wife. A tale, etc",https://live.staticflickr.com/3758/11237201253_602fef9359_b.jpg,"Geary, William Nevill Montgomerie, Sir, Baronet, John Lane, London (England), 1896",https://www.flickr.com/photos/britishlibrary/11237201253/in/album-72157639959761466,"book-cover,1890s,london-england"
A Week at the Land's End [With a map and plates.],https://live.staticflickr.com/5482/11111494946_31217e969f_b.jpg,"Blight, John Thomas, Lake & Lake Edition: Another edition, Truro (England), 1876",https://www.flickr.com/photos/britishlibrary/11111494946/in/album-72157639959761466,"book-cover,1870s,truro-england"
"Anteckningar, förda under tiden från år 1785 till år 1816 jemte relation om Savolaksbrigadens operationer under 1808 och 1809 års krig, etc [Edited by C. J. Burman.]",https://live.staticflickr.com/2820/11070591054_79f82385d3_b.jpg,"Burman, Johan Jakob, Stockholm, 1865",https://www.flickr.com/photos/britishlibrary/11070591054/in/album-72157639959761466,"book-cover,1860s,stockholm"
"Bob Norberry; or, Sketches from the note book of an Irish Reporter. Edited by Captain Prout. With ... illustrations by H. Macmanus, etc",https://live.staticflickr.com/3832/11022300704_1f5764dd5f_b.jpg,"Norberry, Bob, Dublin (Ireland), 1844",https://www.flickr.com/photos/britishlibrary/11022300704/in/album-72157639959761466,"book-cover,1840s,dublin-ireland"
"Chronicles of England, France, Spain, etc",https://live.staticflickr.com/5477/11020276916_2d260107f7_b.jpg,"Froissart, Jean, London (England), 1842",https://www.flickr.com/photos/britishlibrary/11020276916/in/album-72157639959761466,"book-cover,1840s,london-england"
"British Library digitised image from page 9 of ""Cutch; or, Random Sketches, taken during a residence in one of the Northern Provinces of Western India: interspersed with legends and traditions ... Illustrated with engravings from ... drawings by the autho",https://live.staticflickr.com/2874/11015711836_38a122c444_b.jpg,"Postans, afterwards Young, Marianne, London (England), 1839",https://www.flickr.com/photos/britishlibrary/11015711836/in/album-72157639959761466,"book-cover,1830s,london-england"
"British Library digitised image from page 9 of ""Die Schweiz, ihre Geschichte, Geographie und Statistik ... Erste Abtheilung: ... von E. H. Gaullieur ... (Zweite Abtheilung: ... von C. Schaub und E. H. Gaullieur, sowie von einigen andern Professoren und Mi",https://live.staticflickr.com/2817/11048466836_4b479e6c43_b.jpg,"Reiss, Georg Friedrich, Basel ; Genf, 1856",https://www.flickr.com/photos/britishlibrary/11048466836/in/album-72157639959761466,"book-cover,1850s,basel-genf"
Environs of London. Western Division,https://live.staticflickr.com/3788/11019681624_48529bced4_b.jpg,"Murray, John Fisher, 1811-1865, Edinburgh (Scotland), 1842",https://www.flickr.com/photos/britishlibrary/11019681624/in/album-72157639959761466,"book-cover,1840s,edinburgh-scotland"
Flowers of many Hues. Original poems by various authors. Edited by F. K,https://live.staticflickr.com/3816/11022216365_63449eea5d_b.jpg,"Kempster, Frederick, Manchester, 1844",https://www.flickr.com/photos/britishlibrary/11022216365/in/album-72157639959761466,"book-cover,1840s,manchester"
Histoire de Fécamp illustrée,https://live.staticflickr.com/3696/11224235386_862687b769_b.jpg,"Lahaye, Léon, Fécamp, 1893",https://www.flickr.com/photos/britishlibrary/11224235386/in/album-72157639959761466,"book-cover,1890s,fécamp"
"Historia de la Conquista de México ... traducida al Español por J. Navarro. (Suplemento. Notas y esclarecimientos ... por J. F. Ramirez ... Esplicacion de las laminas [by I. R. Gondra], etc)",https://live.staticflickr.com/5550/11022647143_791f86f810_b.jpg,"Navarro, Joaquin, translator, (Mexico), 1844",https://www.flickr.com/photos/britishlibrary/11022647143/in/album-72157639959761466,"book-cover,1840s,mexico"
"British Library digitised image from page 9 of ""La Hongrie ancienne et moderne. Histoire, arts, littérature, monuments par une société de littérateurs sous la direction de M. J. Boldenyi. Dessinateurs: Janet-Lange [and others] ... Graveurs: Trichon [and o",https://live.staticflickr.com/7432/11036180624_3484b28313_b.jpg,"Boldényi, J., pseudonym [i.e. Pál Szabó], Paris, 1851",https://www.flickr.com/photos/britishlibrary/11036180624/in/album-72157639959761466,"book-cover,1850s,paris"
"La Lorraine: antiquités, chroniques, légendes, histoire des faits et des personnages célèbres ... de cette province. ... Par Leupol et E. de Mirecourt [i.e. C. J. B. Jacquot]",https://live.staticflickr.com/5495/11016899673_cf71ec92cf_b.jpg,"Leupol, L., pseudonym [i.e. François Étienne Leloup de Cheray], Nancy, 1839",https://www.flickr.com/photos/britishlibrary/11016899673/in/album-72157639959761466,"book-cover,1830s,nancy"
"La Lorraine: antiquités, chroniques, légendes, histoire des faits et des personnages célèbres ... de cette province. ... Par Leupol et E. de Mirecourt [i.e. C. J. B. Jacquot]",https://live.staticflickr.com/3674/11016534695_858b650f9c_b.jpg,"Leupol, L., pseudonym [i.e. François Étienne Leloup de Cheray], Nancy, 1839",https://www.flickr.com/photos/britishlibrary/11016534695/in/album-72157639959761466,"book-cover,1830s,nancy"
"La Lorraine: antiquités, chroniques, légendes, histoire des faits et des personnages célèbres ... de cette province. ... Par Leupol et E. de Mirecourt [i.e. C. J. B. Jacquot]",https://live.staticflickr.com/7358/11016156784_00eff13975_b.jpg,"Leupol, L., pseudonym [i.e. François Étienne Leloup de Cheray], Nancy, 1839",https://www.flickr.com/photos/britishlibrary/11016156784/in/album-72157639959761466,"book-cover,1830s,nancy"
Passion Week [A collection of poetical pieces.],https://live.staticflickr.com/5543/11236093585_eace2ef670_b.jpg,"Dürer, Albrecht, 1471-1528, London (England), 1857",https://www.flickr.com/photos/britishlibrary/11236093585/in/album-72157639959761466,"book-cover,1850s,london-england"
Pastorals of France.-Renunciations,https://live.staticflickr.com/3725/11220250204_3d5e634117_b.jpg,"Wedmore, Frederick, Sir, Elkin Mathews & John Lane, London (England), 1893",https://www.flickr.com/photos/britishlibrary/11220250204/in/album-72157639959761466,"book-cover,1890s,london-england"
"Paul Clifford : or, Hurrah for the road. A romance of old times",https://live.staticflickr.com/5538/11042665836_765b1ffdf7_b.jpg,"Rymer, James Malcolm, approximately 1814-1884, E. Lloyd, Salisbury-Square, Fleet-Street, London (England), 1853",https://www.flickr.com/photos/britishlibrary/11042665836/in/album-72157639959761466,"book-cover,1850s,london-england"
Pietas Academiæ Oxoniensis in obitum ... Reginæ Carolinæ,https://live.staticflickr.com/7421/10997467784_22d7728c6b_b.jpg,"Oxonii, 1738",https://www.flickr.com/photos/britishlibrary/10997467784/in/album-72157639959761466,"book-cover,1730s,oxonii"
Red Apple and Silver Bells. A book of verse for children ... Illustrated by A. B. Woodward,https://live.staticflickr.com/5538/11243151794_973fb26d48_b.jpg,"Hendry, Hamish, Blackie, London (England), 1897",https://www.flickr.com/photos/britishlibrary/11243151794/in/album-72157639959761466,"book-cover,1890s,london-england"
Ro. vrbis excidium [In verse.],https://live.staticflickr.com/2821/11174163414_db6814a19b_b.jpg,"Cursius, Petrus, G. B. Faelli, Bologna, 1528",https://www.flickr.com/photos/britishlibrary/11174163414/in/album-72157639959761466,"book-cover,1520s,bologna"
Ro. vrbis excidium [In verse.],https://live.staticflickr.com/2836/10997229003_ec55e1b2b4_b.jpg,"Cursius, Petrus, G. B. Faelli, Bologna, 1528",https://www.flickr.com/photos/britishlibrary/10997229003/in/album-72157639959761466,"book-cover,1520s,bologna"
"Rowland Bradshaw, his Struggles and Adventures on the Way to Fame. By the author of 'Raby Rattler' [i.e. Thomas Hall] . With twenty-eight illustrations on steel by S. P. Fletcher",https://live.staticflickr.com/7325/11029135254_10b348b949_b.jpg,"Bradshaw, Rowland, Sherwood, Gilbert & Piper, London (England), 1848",https://www.flickr.com/photos/britishlibrary/11029135254/in/album-72157639959761466,"book-cover,1840s,london-england"
"Statesman's Manual, etc",https://live.staticflickr.com/5488/11029791066_9df4a20310_b.jpg,"Williams, Edwin, statistician, E. Walker, New York (United States of America), 1848",https://www.flickr.com/photos/britishlibrary/11029791066/in/album-72157639959761466,"book-cover,1840s,new-york-united-states-of-america"
"Statesman's Manual, etc",https://live.staticflickr.com/3704/11028501495_d1323e477e_b.jpg,"Williams, Edwin, statistician, E. Walker, New York (United States of America), 1848",https://www.flickr.com/photos/britishlibrary/11028501495/in/album-72157639959761466,"book-cover,1840s,new-york-united-states-of-america"
"The Book of Wedding Days. Quotations for every day in the year, compiled and arranged by K. E. J. Reid, May Ross and Mabel Bamfield. With devices and decorations ... by W. Crane",https://live.staticflickr.com/3687/11202175134_07f43a30b1_b.jpg,"Bamfield, Mabel, Longmans, London (England), 1889",https://www.flickr.com/photos/britishlibrary/11202175134/in/album-72157639959761466,"book-cover,1880s,london-england"
The complete poetical works of George Eliot. Family edition. Fully illustrated with new wood-engravings. With border by J. D. Woodward,https://live.staticflickr.com/3703/11194480303_6e63760f5e_b.jpg,"Eliot, George, 1819-1880, Frederick A. Stokes, New York (United States of America), 1888",https://www.flickr.com/photos/britishlibrary/11194480303/in/album-72157639959761466,"book-cover,1880s,new-york-united-states-of-america"
"The English Works of Thomas Hobbes, now first collected and edited by Sir W. Molesworth",https://live.staticflickr.com/2836/11016001604_e07bb468af_b.jpg,"Hobbes, Thomas, 1588-1679, London (England), 1839",https://www.flickr.com/photos/britishlibrary/11016001604/in/album-72157639959761466,"book-cover,1830s,london-england"
"British Library digitised image from page 9 of ""The Family History of England, civil, military, social, commercial, and religious, from the earliest period to the passing of the Reform Bill, 1867. (Edited by ... J. Taylor.) [Illustrated with maps, portrai",https://live.staticflickr.com/3665/11093218585_82c6f5ce10_b.jpg,"Taylor, James, London (England), 1870",https://www.flickr.com/photos/britishlibrary/11093218585/in/album-72157639959761466,"book-cover,1870s,london-england"
"The Ingoldsby Legends ... With sixty illustrations by George Cruikshank, John Leech, and John Tenniel",https://live.staticflickr.com/2856/11223357466_11b71aa839_b.jpg,"Cruikshank, George, 1792-1878, R. E Edition: Another edition With illustrations by G. Cruikshank, J. Leech and J. Tenniel, London (England), 1893",https://www.flickr.com/photos/britishlibrary/11223357466/in/album-72157639959761466,"book-cover,1890s,london-england"
"The Kitchen Maid; or, Some one we know very well [A play for children,] ... With illustrations by J. B. Partridge, etc",https://live.staticflickr.com/3675/11234988964_deeb1d9f7a_b.jpg,"Guillemard, Mary F., Constable, London (England), 1896",https://www.flickr.com/photos/britishlibrary/11234988964/in/album-72157639959761466,"book-cover,1890s,london-england"
"The Pictorial History of England (to the death of George III) ... By G. L. Craik and Charles MacFarlane, assisted by other contributors [Edited by G. L. Craik.] (Standard edition.)",https://live.staticflickr.com/5503/11030368194_4d5202d7e0_b.jpg,"Craik, George Lillie, Charles Knight, London (England), 1849",https://www.flickr.com/photos/britishlibrary/11030368194/in/album-72157639959761466,"book-cover,1840s,london-england"
"British Library digitised image from page 9 of ""The Poeticall Essayes of Sam. Danyel. Newly corrected and augmented [Containing 'The First Fowre Bookes of the Civile Wars,' 'The fyft Booke of the Civill Warres,' 'Musophilus,' 'A Letter from Octavia to Mar",https://live.staticflickr.com/7379/10997110876_a4aa629e24_b.jpg,"Daniel, Samuel, 1562-1619, Short for Simon Waterson, London (England), 1599",https://www.flickr.com/photos/britishlibrary/10997110876/in/album-72157639959761466,"book-cover,1590s,london-england"
"British Library digitised image from page 9 of ""The Poeticall Essayes of Sam. Danyel. Newly corrected and augmented [Containing 'The First Fowre Bookes of the Civile Wars,' 'The fyft Booke of the Civill Warres,' 'Musophilus,' 'A Letter from Octavia to Mar",https://live.staticflickr.com/2822/10997027355_39855b23de_b.jpg,"Daniel, Samuel, 1562-1619, Short for Simon Waterson, London (England), 1599",https://www.flickr.com/photos/britishlibrary/10997027355/in/album-72157639959761466,"book-cover,1590s,london-england"
"The Quiver of Love. A collection of Valentines ancient and modern. With illustrations, in colors, ... by W. Crane and Kate Greenaway",https://live.staticflickr.com/3722/11113174346_b1fa358556_b.jpg,"Crane, Walter, 1845-1915, London (England), 1876",https://www.flickr.com/photos/britishlibrary/11113174346/in/album-72157639959761466,"book-cover,1870s,london-england"
"Vaucanson à Lyon, en 1744. Documents historiques pour servir à l'histoire de la ville de Lyon, au XVIIIe siècle, recueillis et publiés par P.-M. Gonon",https://live.staticflickr.com/2815/11022177293_620af9a242_b.jpg,"Gonon, Pierre Marie, Lyon, 1844",https://www.flickr.com/photos/britishlibrary/11022177293/in/album-72157639959761466,"book-cover,1840s,lyon"
"Vers de Société. Selected from recent authors by C. H. J. With ... vignettes, etc. F.P",https://live.staticflickr.com/2813/11109509805_285c8b41ab_b.jpg,"Jones, Charles Henry, New York (United States of America), 1875",https://www.flickr.com/photos/britishlibrary/11109509805/in/album-72157639959761466,"book-cover,1870s,new-york-united-states-of-america"
Waldtraut: a story of the forest. From the German by Sophy G. Colvin,https://live.staticflickr.com/2894/11236058076_23308141bc_b.jpg,"Colvin, Sophy G., Oliphant, Anderson & Ferrier, Edinburgh ; London (England ; Scotland), 1896",https://www.flickr.com/photos/britishlibrary/11236058076/in/album-72157639959761466,"book-cover,1890s,edinburgh-london-england-scotland"
Χρονολογια μαθηματικη και ἱστορικη,https://live.staticflickr.com/7328/11064831614_7781fea030_b.jpg,"Stamateles, Ioannes N., Ζακυνθῳ, 1863",https://www.flickr.com/photos/britishlibrary/11064831614/in/album-72157639959761466,"book-cover,1860s,ζακυνθῳ"
Notices of Windsor in the olden time,https://live.staticflickr.com/3791/11022208555_97b7c358c3_b.jpg,"Stoughton, John, 1807-1897, D. Bogue, London (England), 1844",https://www.flickr.com/photos/britishlibrary/11022208555/in/album-72157639959761466,"book-cover,1840s,london-england"
"Oud en Nieuw, uit de vaderlandsche geschiedenis en letterkunde verzameld",https://live.staticflickr.com/3792/11021921515_9fd88735d2_b.jpg,"Scheltema, Pieter, Amsterdam, 1844",https://www.flickr.com/photos/britishlibrary/11021921515/in/album-72157639959761466,"book-cover,1840s,amsterdam"
Aan het Minnewater. 3 schetsen uit het Brugsche leven,https://live.staticflickr.com/7439/11245940195_a371683832_b.jpg,"Sabbe, Maurits, Antwerpen, 1898",https://www.flickr.com/photos/britishlibrary/11245940195/in/album-72157639959761466,"book-cover,1890s,antwerpen"
Christmas at the Cross Keys. A tale,https://live.staticflickr.com/5477/11064167145_56c7c6cfbf_b.jpg,"Deene, Kenner, active 1862-1878, T. Cautley Newby, London (England), 1863",https://www.flickr.com/photos/britishlibrary/11064167145/in/album-72157639959761466,"book-cover,1860s,london-england"
De Aardbol. Magazijn van hedendaagsche land- en volkenkunde ... Met platen en kaarten [Deel 4-9 by P. H. W.],https://live.staticflickr.com/3787/11016107674_729bf51597_b.jpg,"Witkamp, Pieter Harme, Amsterdam, 1839",https://www.flickr.com/photos/britishlibrary/11016107674/in/album-72157639959761466,"book-cover,1830s,amsterdam"
Effie Raymond's Life Work,https://live.staticflickr.com/2815/11106623644_f5bb2fdb1b_b.jpg,"Bell, Jeannie, J. S. Marr, Glasgow (Scotland), 1874",https://www.flickr.com/photos/britishlibrary/11106623644/in/album-72157639959761466,"book-cover,1870s,glasgow-scotland"
Every-day Characters ... Illustrated by C. Aldin,https://live.staticflickr.com/7460/11237966534_ca67f29044_b.jpg,"Aldin, Cecil, 1870-1935, Kegan Paul, London (England), 1896",https://www.flickr.com/photos/britishlibrary/11237966534/in/album-72157639959761466,"book-cover,1890s,london-england"
"Grande illustrazione del Lombardo-Veneto, ossia Storia delle città, dei borghi, communi, castelli, ecc. fino ai tempi moderni, per cura di C. Cantù e d'altri letterati. Seconda edizione",https://live.staticflickr.com/3711/11054380756_136a0e690e_b.jpg,"Cantù, Cesare, 1804-1895, Milano, 1858",https://www.flickr.com/photos/britishlibrary/11054380756/in/album-72157639959761466,"book-cover,1850s,milano"
"Historia de la Conquista de México ... traducida al Español por J. Navarro. (Suplemento. Notas y esclarecimientos ... por J. F. Ramirez ... Esplicacion de las laminas [by I. R. Gondra], etc)",https://live.staticflickr.com/5495/11022694563_f8dcc79243_b.jpg,"Navarro, Joaquin, translator, (Mexico), 1844",https://www.flickr.com/photos/britishlibrary/11022694563/in/album-72157639959761466,"book-cover,1840s,mexico"
"Historique des Volontaires de l'Oise, enrolés pour la défense de la patrie en Septembre 1792, etc",https://live.staticflickr.com/2857/11065103756_b6c14dd2ba_b.jpg,"Horoy, Adolphe, Paris, 1863",https://www.flickr.com/photos/britishlibrary/11065103756/in/album-72157639959761466,"book-cover,1860s,paris"
"Keble's Evening Hymn [from the 'Christian Year'], illustrated by E. Waring",https://live.staticflickr.com/5540/11069433276_5f406327d4_b.jpg,"Keble, John, 1792-1866, London (England), 1865",https://www.flickr.com/photos/britishlibrary/11069433276/in/album-72157639959761466,"book-cover,1860s,london-england"
"Ned Kelly, the ironclad Australian Bushranger. By J. S. Borlase",https://live.staticflickr.com/3737/11186120815_e0e14fd769_b.jpg,"Borlase, James Skipp, General Publishing, London (England), 1887",https://www.flickr.com/photos/britishlibrary/11186120815/in/album-72157639959761466,"book-cover,1880s,london-england"
Notices of Windsor in the olden time,https://live.staticflickr.com/3734/11022268694_800399cf5f_b.jpg,"Stoughton, John, 1807-1897, D. Bogue, London (England), 1844",https://www.flickr.com/photos/britishlibrary/11022268694/in/album-72157639959761466,"book-cover,1840s,london-england"
Ons voorgeslacht in zijn dagelyksch leven geschilderd,https://live.staticflickr.com/5535/11056934536_18359239d2_b.jpg,"Hofdijk, Willem Jacobs, Haarlem, 1859",https://www.flickr.com/photos/britishlibrary/11056934536/in/album-72157639959761466,"book-cover,1850s,haarlem"
Schloss Stolzenfels am Rheine,https://live.staticflickr.com/5473/11023190665_9229ca7cc0_b.jpg,"Malten, H. Mr, Frankfurt am Main Maine, 1844",https://www.flickr.com/photos/britishlibrary/11023190665/in/album-72157639959761466,"book-cover,1840s,frankfurt-am-main-maine"
"Sung by Six [Poems by] S. K. Cowan, J. H. Cousins, W. M. Knox, L. J. McQuilland, W. T. Anderson, J. J. Pender",https://live.staticflickr.com/3831/11238208436_c19c31817f_b.jpg,"Anderson, W. T., R. Aickin, Belfast (Northern Ireland), 1896",https://www.flickr.com/photos/britishlibrary/11238208436/in/album-72157639959761466,"book-cover,1890s,belfast-northern-ireland"
"The Birth-Night, a pastoral",https://live.staticflickr.com/2854/10997291686_0e83a8c6cd_b.jpg,"Arwaker, Edmund, the Younger, H. Bonwicke, London (England), 1705",https://www.flickr.com/photos/britishlibrary/10997291686/in/album-72157639959761466,"book-cover,1700s,london-england"
"The Book of Days. A miscellany of popular antiquties, in connection with the calendar ... Edited by R. Chambers",https://live.staticflickr.com/7394/11065911414_ef9cf63a8c_b.jpg,"Chambers, Robert, 1802-1871, Edinburgh ; London (England ; Scotland), 1864",https://www.flickr.com/photos/britishlibrary/11065911414/in/album-72157639959761466,"book-cover,1860s,edinburgh-london-england-scotland"
"The Botanical and Horticultural Meeting, or Flora's and Pomona's Fete; a poem. ... By a Lady [Mrs. E. S. Perkins?] . From notes by John-Quik. Second edition",https://live.staticflickr.com/7378/11009878136_398a9920b1_b.jpg,"Perkins, Elizabeth Steele, Mrs, Birmingham, 1834",https://www.flickr.com/photos/britishlibrary/11009878136/in/album-72157639959761466,"book-cover,1830s,birmingham"
The Child World [In verse.] ... Illustrated by C. Robinson,https://live.staticflickr.com/5482/11234355794_c263b6804c_b.jpg,"Robinson, Charles, 1870-1937, J. Lane, London ; New York (England ; United States of America), 1896",https://www.flickr.com/photos/britishlibrary/11234355794/in/album-72157639959761466,"book-cover,1890s,london-new-york-england-united-states-of-america"
"The Fashionable Lover. Miss Obre oder die gerettete Unschuld. Ein Lustspiel in fünf Aufzügen nach dem Englischen des Herrn Cumberland The translator's preface signed: C. C. H. R, i.e. C. C. H. Rost",https://live.staticflickr.com/2867/10997487995_9d26184619_b.jpg,"Cumberland, Richard, 1732-1811, Leipzig, 1774",https://www.flickr.com/photos/britishlibrary/10997487995/in/album-72157639959761466,"book-cover,1770s,leipzig"
The Gypsy Road: a journey from Krakow to Coblentz ... With illustrations by E. H. New,https://live.staticflickr.com/3711/11227735236_c092867dfb_b.jpg,"Cole, Grenville A. J. (Grenville Arthur James), 1859-1924, Macmillan, London (England), 1894",https://www.flickr.com/photos/britishlibrary/11227735236/in/album-72157639959761466,"book-cover,1890s,london-england"
"British Library digitised image from page 11 of ""The Life of Our Blessed Lord & Saviour Jesus Christ. An heroic poem ... Illustrated by necessary notes ... also a prefatory discourse concerning heroic poetry. With sixty copper-plates [by William Faithorne",https://live.staticflickr.com/7414/10997237666_b5a6f80909_b.jpg,"Faithorne, William, Benj. Motte ; Charles Harper, London (England), 1693",https://www.flickr.com/photos/britishlibrary/10997237666/in/album-72157639959761466,"book-cover,1690s,london-england"
"British Library digitised image from page 11 of ""The Poetical Works of Percy Bysshe Shelley. Unannotated edition. Edited, Unannotated edition. Edited, with a critical memoir, by William Michael Rossetti. Illustrated by the Society of Decorative Art [With",https://live.staticflickr.com/7339/11245205916_ef8c7a5966_b.jpg,"Shelley, Percy Bysshe, 1792-1822, E. Moxon, London (England), 1870",https://www.flickr.com/photos/britishlibrary/11245205916/in/album-72157639959761466,"book-cover,1870s,london-england"
"The Rhine, its scenery, and historical and legendary associations",https://live.staticflickr.com/2858/11023685945_b3179428ce_b.jpg,"Hunt, Frederick Knight, London (England), 1845",https://www.flickr.com/photos/britishlibrary/11023685945/in/album-72157639959761466,"book-cover,1840s,london-england"
The Triumphs of Gods Revenge against the Crying and Execrable Sin of ... Murther ... The seventh ... edition. Whereunto are added ... copper plates,https://live.staticflickr.com/5472/10997418603_3133816600_b.jpg,"Reynolds, John, Merchant, of Exeter, C. Griffin, London (England), 1704",https://www.flickr.com/photos/britishlibrary/10997418603/in/album-72157639959761466,"book-cover,1700s,london-england"
"The World as it is. A new and comprehensive system of Modern Geography, physical, political and commercial [Vol. 1 and 2 by W. C. Taylor and C. Mackay; vol. 3 by W. C. Stafford.]",https://live.staticflickr.com/3719/11030799896_97dcbc4a64_b.jpg,"Stafford, Wm. C. (William C.), 1793-, London (England), 1849",https://www.flickr.com/photos/britishlibrary/11030799896/in/album-72157639959761466,"book-cover,1840s,london-england"
Vom Amazonas und Madeira. Skizzen und Beschreibungen aus dem Tagebuche einer Explorationsreise ... Mit zahlreichen ... Illustrationen,https://live.staticflickr.com/3772/11107117253_5f61652004_b.jpg,"Keller-Leuzinger, Franz, Stuttgart, 1874",https://www.flickr.com/photos/britishlibrary/11107117253/in/album-72157639959761466,"book-cover,1870s,stuttgart"
"Le Grand siècle. Louis XIV. Les arts, les idées, etc [With plates.]",https://live.staticflickr.com/7348/11238693193_5f43d80872_b.jpg,"Bourgeois, Émile, Paris, 1896",https://www.flickr.com/photos/britishlibrary/11238693193/in/album-72157639959761466,"book-cover,1890s,paris"
"The Barrow Route to the Isle of Man ... Illustrated, etc [With maps.]",https://live.staticflickr.com/2837/11163032375_83caf9f0b1_b.jpg,"Stokes, E. P., Hazell, London (England), 1883",https://www.flickr.com/photos/britishlibrary/11163032375/in/album-72157639959761466,"book-cover,1880s,london-england"
The Highlands of Aethiopia,https://live.staticflickr.com/3673/11022305404_678dc48418_b.jpg,"Harris, William Cornwallis, Sir, London (England), 1844",https://www.flickr.com/photos/britishlibrary/11022305404/in/album-72157639959761466,"book-cover,1840s,london-england"
"The History of Jack Sheppard : his wonderful exploits and escapes. A romance founded on facts. With original illustrations, from drawings by J. Sketch",https://live.staticflickr.com/7297/11015602825_cb1913fb83_b.jpg,"Sketch, Jack, pseudonym, London (England), 1839",https://www.flickr.com/photos/britishlibrary/11015602825/in/album-72157639959761466,"book-cover,1830s,london-england"
"The History of the Present War in Spain and Portugal, from its commencement to the Battle of Vittoria ... To which will be added, Memoirs of the Life of Lord Wellington ... With ... engravings, maps, etc",https://live.staticflickr.com/7352/11002585184_a9febf7b90_b.jpg,"Camden, Theophilus, J. Stratford, London (England), 1813",https://www.flickr.com/photos/britishlibrary/11002585184/in/album-72157639959761466,"book-cover,1810s,london-england"
"Celadon; or, the Bright example; a pastoral on the death of His Royal Highness the P. of Denmark",https://live.staticflickr.com/3813/10997367344_b165436407_b.jpg,"London (England), 1708",https://www.flickr.com/photos/britishlibrary/10997367344/in/album-72157639959761466,"book-cover,1700s,london-england"
"Rays of Genius, collected to enlighten the rising generation. By T. Tomkins",https://live.staticflickr.com/3787/11000539515_e852e6d943_b.jpg,"Tomkins, Thomas, 1743-1816, London (England), 1806",https://www.flickr.com/photos/britishlibrary/11000539515/in/album-72157639959761466,"book-cover,1800s,london-england"
"British Library digitised image from page 17 of ""Battles of the United States, by Sea and Land: embracing those of the Revolutionary and Indian Wars, the War of 1812, and the Mexican War; with important official documents ... Illustrated with ... steel en",https://live.staticflickr.com/5525/11056294053_88019b0184_b.jpg,"Chappel, Alonzo, 1828-1887, Johnson, Fry, New York (United States of America), 1858",https://www.flickr.com/photos/britishlibrary/11056294053/in/album-72157639959761466,"book-cover,1850s,new-york-united-states-of-america"
"Old English and French ornaments; comprising 244 Designs ... by Chippendale, I. Jones, Johnson, Lock, and Pether ... Collected and republished by J. W",https://live.staticflickr.com/2881/11055389123_afbc1555d9_b.jpg,"Chippendale, Thomas, 1718-1779, London (England), 1858",https://www.flickr.com/photos/britishlibrary/11055389123/in/album-72157639959761466,"book-cover,1850s,london-england"
"The Two Famous Pitcht Battels of Lypsich and Lutzen wherein ... Gustavus the Great lived, and died a conquerour: with an elegie upon his untimely death",https://live.staticflickr.com/3824/10997044385_2d5ab93437_b.jpg,"Russell, John, M.A., of Magdalene College, Cambridge, Scarlet, Cambridge, 1634",https://www.flickr.com/photos/britishlibrary/10997044385/in/album-72157639959761466,"book-cover,1630s,cambridge"
La Dalmazia descritta. Con 48 tavole miniate rappresentanti i principali costumi nazionali,https://live.staticflickr.com/7423/11025541164_db0b3758a3_b.jpg,"Carrara, Francesco, Direttore del Museo d'Antichità di Spalato, Zara, 1846",https://www.flickr.com/photos/britishlibrary/11025541164/in/album-72157639959761466,"book-cover,1840s,zara"
"Darstellungen alter preussischer Schlösser gezeichnet von Frau Gräfin zu Dohna ... Mit historischen Einleitungen von ... J. V, etc. Heft 1 (vom Oberlehrer Dr Witt. Heft 2, 3)",https://live.staticflickr.com/3748/11009453004_2772386671_b.jpg,"Dohna, zu, countess, Berlin, 1833",https://www.flickr.com/photos/britishlibrary/11009453004/in/album-72157639959761466,"book-cover,1830s,berlin"
"Le Grand siècle. Louis XIV. Les arts, les idées, etc [With plates.]",https://live.staticflickr.com/3736/11234864504_5fc47b2618_b.jpg,"Bourgeois, Émile, Paris, 1896",https://www.flickr.com/photos/britishlibrary/11234864504/in/album-72157639959761466,"book-cover,1890s,paris"
"Ned Kelly, the ironclad Australian Bushranger. By J. S. Borlase",https://live.staticflickr.com/3798/11187843543_52c19511b2_b.jpg,"Borlase, James Skipp, General Publishing, London (England), 1887",https://www.flickr.com/photos/britishlibrary/11187843543/in/album-72157639959761466,"book-cover,1880s,london-england"
Gray's Elegy written in a country churchyard. Translated into French by J. Roberts,https://live.staticflickr.com/3799/11110799403_21400e2454_b.jpg,"Gray, Thomas, poet, Harrison, London (England), 1875",https://www.flickr.com/photos/britishlibrary/11110799403/in/album-72157639959761466,"book-cover,1870s,london-england"
The highlands of Aethiopia,https://live.staticflickr.com/2845/11022341275_d4191d45bf_b.jpg,"Harris, William Cornwallis, Sir, London (England), 1844",https://www.flickr.com/photos/britishlibrary/11022341275/in/album-72157639959761466,"book-cover,1840s,london-england"
"The Poor Man's Advice to his poor neighbours: A ballad, to the tune of Chevy-Chace",https://live.staticflickr.com/7431/10997571016_228ef9968e_b.jpg,"New York (United States of America), 1774",https://www.flickr.com/photos/britishlibrary/10997571016/in/album-72157639959761466,"book-cover,1770s,new-york-united-states-of-america"
Thrilling Life Stories for the Masses,https://live.staticflickr.com/3679/11219636246_f88d1074f7_b.jpg,"Thrilling Stories' Committee, Crewe ; Manchester, 1892",https://www.flickr.com/photos/britishlibrary/11219636246/in/album-72157639959761466,"book-cover,1890s,crewe-manchester"
Thrilling Life Stories for the Masses,https://live.staticflickr.com/7371/11217295684_2f4b5dcb32_b.jpg,"Thrilling Stories' Committee, Crewe ; Manchester, 1892",https://www.flickr.com/photos/britishlibrary/11217295684/in/album-72157639959761466,"book-cover,1890s,crewe-manchester"
Thrilling Life Stories for the Masses,https://live.staticflickr.com/5533/11215797603_fc1bcfa3ac_b.jpg,"Thrilling Stories' Committee, Crewe ; Manchester, 1892",https://www.flickr.com/photos/britishlibrary/11215797603/in/album-72157639959761466,"book-cover,1890s,crewe-manchester"
Thrilling Life Stories for the Masses,https://live.staticflickr.com/3795/11215532625_3aa1d985b0_b.jpg,"Thrilling Stories' Committee, Crewe ; Manchester, 1892",https://www.flickr.com/photos/britishlibrary/11215532625/in/album-72157639959761466,"book-cover,1890s,crewe-manchester"
San Cristoforo della Pace [near Venice; being an account of a visit to the Cemetery there],https://live.staticflickr.com/2830/11015548226_22b81f9054_b.jpg,"Sagredo, Agostino, count, Venezia, 1839",https://www.flickr.com/photos/britishlibrary/11015548226/in/album-72157639959761466,"book-cover,1830s,venezia"
Pearls of Poetry. Shakspere to Longfellow,https://live.staticflickr.com/7326/11224759205_e4d88ea532_b.jpg,"M. Ward, London (England), 1893",https://www.flickr.com/photos/britishlibrary/11224759205/in/album-72157639959761466,"book-cover,1890s,london-england"
"Ned Kelly, the ironclad Australian Bushranger. By J. S. Borlase",https://live.staticflickr.com/7427/11188930594_4c1fe7dca9_b.jpg,"Borlase, James Skipp, General Publishing, London (England), 1887",https://www.flickr.com/photos/britishlibrary/11188930594/in/album-72157639959761466,"book-cover,1880s,london-england"
"Darstellungen alter preussischer Schlösser gezeichnet von Frau Gräfin zu Dohna ... Mit historischen Einleitungen von ... J. V, etc. Heft 1 (vom Oberlehrer Dr Witt. Heft 2, 3)",https://live.staticflickr.com/5518/11009271185_c106c1f340_b.jpg,"Dohna, zu, countess, Berlin, 1833",https://www.flickr.com/photos/britishlibrary/11009271185/in/album-72157639959761466,"book-cover,1830s,berlin"
"British Library digitised image from page 37 of ""Dictionnaire général de Géographie universelle ancienne et moderne, historique, politique, littéraire et commerciale ... Accompagné d'une introduction à l'étude de la géographie dans ses rapports avec l'his",https://live.staticflickr.com/3768/11016667425_77db82ff46_b.jpg,"Ennery, Jonas, Strasbourg, 1839",https://www.flickr.com/photos/britishlibrary/11016667425/in/album-72157639959761466,"book-cover,1830s,strasbourg"
"British Library digitised image from page 37 of ""The Perfections of God: a standing rule to try all doctrines and experience by. A poem. Humbly offer'd to the consideration of Mr. J. Wesley ... With other occasional poems. By the Author of Perseverance, a",https://live.staticflickr.com/2894/10997642895_7f168cbf18_b.jpg,1791,https://www.flickr.com/photos/britishlibrary/10997642895/in/album-72157639959761466,"book-cover,1790s"
"China: in a series of views, displaying the scenery, architecture and social habits of that ancient empire. Drawn ... by T. Allom. With historical and descriptive notices by the Rev. G. N. Wright",https://live.staticflickr.com/3776/11055852013_c29cb3484d_b.jpg,"Wright, George Newenham, London Printing & Publishing Edition: Another edition, The Chinese Empire illustrated, being a series of views from original sketches, by T. Allom, Esq, displaying the scenery, architecture, social habits, et cetera, of that ancient and exclusive nation. With historical and descriptive letterpress by the Revised G. N. Wright, London (England), 1858",https://www.flickr.com/photos/britishlibrary/11055852013/in/album-72157639959761466,"book-cover,1850s,london-england"
"Ned Kelly, the ironclad Australian Bushranger. By J. S. Borlase",https://live.staticflickr.com/2846/11191124496_36833942ae_b.jpg,"Borlase, James Skipp, General Publishing, London (England), 1887",https://www.flickr.com/photos/britishlibrary/11191124496/in/album-72157639959761466,"book-cover,1880s,london-england"
"New nd original Poems, with notes, on Creation and Redemption, ... comprising the history of Adam and Eve, the Garden of Eden, and the Footsteps of Jesus [With illustrations.] vol. 1",https://live.staticflickr.com/2829/11059294226_70b84ebc6b_b.jpg,"Shillito, Edward, publisher, E. Shillito, Hull (England), 1860",https://www.flickr.com/photos/britishlibrary/11059294226/in/album-72157639959761466,"book-cover,1860s,hull-england"
Thrilling Life Stories for the Masses,https://live.staticflickr.com/3789/11219458595_f4c9f4b12c_b.jpg,"Thrilling Stories' Committee, Crewe ; Manchester, 1892",https://www.flickr.com/photos/britishlibrary/11219458595/in/album-72157639959761466,"book-cover,1890s,crewe-manchester"
Thrilling Life Stories for the Masses,https://live.staticflickr.com/7428/11216908175_8365535175_b.jpg,"Thrilling Stories' Committee, Crewe ; Manchester, 1892",https://www.flickr.com/photos/britishlibrary/11216908175/in/album-72157639959761466,"book-cover,1890s,crewe-manchester"
"British Library digitised image from page 49 of ""The Poeticall Essayes of Sam. Danyel. Newly corrected and augmented [Containing 'The First Fowre Bookes of the Civile Wars,' 'The fyft Booke of the Civill Warres,' 'Musophilus,' 'A Letter from Octavia to Ma",https://live.staticflickr.com/7306/10997242353_e0b86e4b4c_b.jpg,"Daniel, Samuel, 1562-1619, Short for Simon Waterson, London (England), 1599",https://www.flickr.com/photos/britishlibrary/10997242353/in/album-72157639959761466,"book-cover,1590s,london-england"
A Floral Fantasy in an Old English Garden. Set forth in verses & coloured designs,https://live.staticflickr.com/3790/11249377214_f4a26dc936_b.jpg,"Crane, Walter, 1845-1915, Harper, London (England), 1899",https://www.flickr.com/photos/britishlibrary/11249377214/in/album-72157639959761466,"book-cover,1890s,london-england"
"Die Mainufer und ihre nächsten Umgebungen ... Mit 54 Stahlstichen, nach Originalzeichnungen von Fritz Bamberger. Nebst einer Stromkarte vom Main",https://live.staticflickr.com/2819/11022461565_1eac062735_b.jpg,"Braunfels, Ludwig, Würzburg, 1844",https://www.flickr.com/photos/britishlibrary/11022461565/in/album-72157639959761466,"book-cover,1840s,würzburg"
The Aldine 'O'er Land and Sea.' Library,https://live.staticflickr.com/7401/11204668953_e59fe83382_b.jpg,"Aldine Publishing, London (England), 1890",https://www.flickr.com/photos/britishlibrary/11204668953/in/album-72157639959761466,"book-cover,1890s,london-england"
Yorkshire Rivers. Reproduced from 'The Yorkshire Weekly Post.',https://live.staticflickr.com/2867/11205535815_ec1b6ebd40_b.jpg,"Bradley, Tom, 1851-1934, Yorkshire Post, Leeds (England), 1890",https://www.flickr.com/photos/britishlibrary/11205535815/in/album-72157639959761466,"book-cover,1890s,leeds-england"
"British Library digitised image from page 57 of ""Italy, illustrated and described, in a series of views from drawings by Stanfield, R.A, Roberts, R.A, Harding, Prout, Leitch, Brockedon, Barnard, &c. &c. With descriptions of the scenes. And an introductory",https://live.staticflickr.com/7339/11066663153_c62517dfd9_b.jpg,"Brockedon, William, Blackie, London (England), 1864",https://www.flickr.com/photos/britishlibrary/11066663153/in/album-72157639959761466,"book-cover,1860s,london-england"
"Ned Kelly, the ironclad Australian Bushranger. By J. S. Borlase",https://live.staticflickr.com/7404/11187138064_a886b78e64_b.jpg,"Borlase, James Skipp, General Publishing, London (England), 1887",https://www.flickr.com/photos/britishlibrary/11187138064/in/album-72157639959761466,"book-cover,1880s,london-england"
"A Serio-Comic, Anti-Cholera Poem, etc",https://live.staticflickr.com/2851/11008964683_6b9df49ceb_b.jpg,"Bates, John, of Holyhead, Carnarvon, 1833",https://www.flickr.com/photos/britishlibrary/11008964683/in/album-72157639959761466,"book-cover,1830s,carnarvon"
Mervyn Clitheroe ... Illustrated by Hablot K. Browne,https://live.staticflickr.com/7389/11056569895_8c013e0827_b.jpg,"Browne, Hablot Knight, 1815-1882, G. Routledge, London (England), 1858",https://www.flickr.com/photos/britishlibrary/11056569895/in/album-72157639959761466,"book-cover,1850s,london-england"
Thrilling Life Stories for the Masses,https://live.staticflickr.com/2818/11124164296_7b24607581_z.jpg,"Thrilling Stories' Committee, Crewe ; Manchester, 1892",https://www.flickr.com/photos/britishlibrary/11124164296/in/album-72157639959761466,"book-cover,1890s,crewe-manchester"
Oettingische Regesten,https://live.staticflickr.com/5491/11236938235_b93f96a893_b.jpg,"Grupp, Georg, Nördlingen, 1896",https://www.flickr.com/photos/britishlibrary/11236938235/in/album-72157639959761466,"book-cover,1890s,nördlingen"
Thrilling Life Stories for the Masses,https://live.staticflickr.com/3805/11218855793_2beaf526d4_b.jpg,"Thrilling Stories' Committee, Crewe ; Manchester, 1892",https://www.flickr.com/photos/britishlibrary/11218855793/in/album-72157639959761466,"book-cover,1890s,crewe-manchester"
Thrilling Life Stories for the Masses,https://live.staticflickr.com/2863/11215809825_1b7af5e25a_b.jpg,"Thrilling Stories' Committee, Crewe ; Manchester, 1892",https://www.flickr.com/photos/britishlibrary/11215809825/in/album-72157639959761466,"book-cover,1890s,crewe-manchester"
Thrilling Life Stories for the Masses,https://live.staticflickr.com/5543/11215294973_e5298ebe26_b.jpg,"Thrilling Stories' Committee, Crewe ; Manchester, 1892",https://www.flickr.com/photos/britishlibrary/11215294973/in/album-72157639959761466,"book-cover,1890s,crewe-manchester"
"Ned Kelly, the ironclad Australian Bushranger. By J. S. Borlase",https://live.staticflickr.com/2880/11190018035_23a363c092_b.jpg,"Borlase, James Skipp, General Publishing, London (England), 1887",https://www.flickr.com/photos/britishlibrary/11190018035/in/album-72157639959761466,"book-cover,1880s,london-england"
A Garden of Dreams: new poems,https://live.staticflickr.com/7312/11254430194_106f12fec0_b.jpg,"Drew, Bernard, A. C. Fifield, London (England), 1917",https://www.flickr.com/photos/britishlibrary/11254430194/in/album-72157639959761466,"book-cover,1910s,london-england"
The Aldine 'O'er Land and Sea.' Library,https://live.staticflickr.com/2867/11203388924_ddaa4bca1e_b.jpg,"Aldine Publishing, London (England), 1890",https://www.flickr.com/photos/britishlibrary/11203388924/in/album-72157639959761466,"book-cover,1890s,london-england"
Malebné cesty po Praze,https://live.staticflickr.com/2890/11073445056_85dce1b42a_b.jpg,"Herold, Edvard, Praze, 1866",https://www.flickr.com/photos/britishlibrary/11073445056/in/album-72157639959761466,"book-cover,1860s,praze"
The Aldine 'O'er Land and Sea.' Library,https://live.staticflickr.com/2851/11204253243_208045dd9d_b.jpg,"Aldine Publishing, London (England), 1890",https://www.flickr.com/photos/britishlibrary/11204253243/in/album-72157639959761466,"book-cover,1890s,london-england"
The Aldine 'O'er Land and Sea.' Library,https://live.staticflickr.com/5515/11203453773_ba9db1c5f8_b.jpg,"Aldine Publishing, London (England), 1890",https://www.flickr.com/photos/britishlibrary/11203453773/in/album-72157639959761466,"book-cover,1890s,london-england"
The Aldine 'O'er Land and Sea.' Library,https://live.staticflickr.com/2816/11203331765_acea16c523_b.jpg,"Aldine Publishing, London (England), 1890",https://www.flickr.com/photos/britishlibrary/11203331765/in/album-72157639959761466,"book-cover,1890s,london-england"
The Aldine 'O'er Land and Sea.' Library,https://live.staticflickr.com/5483/11203214446_3717cd8f84_b.jpg,"Aldine Publishing, London (England), 1890",https://www.flickr.com/photos/britishlibrary/11203214446/in/album-72157639959761466,"book-cover,1890s,london-england"
The Aldine 'O'er Land and Sea.' Library,https://live.staticflickr.com/5491/11203188574_afe19ef23b_b.jpg,"Aldine Publishing, London (England), 1890",https://www.flickr.com/photos/britishlibrary/11203188574/in/album-72157639959761466,"book-cover,1890s,london-england"
"The Report of the School for the Deaf and Dumb, for the year 1838 (-40, 1843.)",https://live.staticflickr.com/5512/11016167546_14686b9d18_b.jpg,"Liverpool (England), 1839",https://www.flickr.com/photos/britishlibrary/11016167546/in/album-72157639959761466,"book-cover,1830s,liverpool-england"
Thrilling Life Stories for the Masses,https://live.staticflickr.com/7427/11216849083_2c0d5ce161_b.jpg,"Thrilling Stories' Committee, Crewe ; Manchester, 1892",https://www.flickr.com/photos/britishlibrary/11216849083/in/album-72157639959761466,"book-cover,1890s,crewe-manchester"
"Holiday Leaflets Illustrated. Great Northern Series ... Written and arranged by C. E. Pascoe, etc. no. 1-5",https://live.staticflickr.com/5529/11247322084_aa147fd34a_b.jpg,"Pascoe, Charles Eyre, London of To-Day, London (England), 1898",https://www.flickr.com/photos/britishlibrary/11247322084/in/album-72157639959761466,"book-cover,1890s,london-england"
"Chronique du Hainaut et de Mons, publiée par A. L. L.P",https://live.staticflickr.com/3770/11020309734_ce771e4755_b.jpg,"Lacroix, Augustin, Archiviste, à Mons, Mons, 1842",https://www.flickr.com/photos/britishlibrary/11020309734/in/album-72157639959761466,"book-cover,1840s,mons"
"Die Mainufer und ihre nächsten Umgebungen ... Mit 54 Stahlstichen, nach Originalzeichnungen von Fritz Bamberger. Nebst einer Stromkarte vom Main",https://live.staticflickr.com/7395/11022980926_8f3b72d0ac_b.jpg,"Braunfels, Ludwig, Würzburg, 1844",https://www.flickr.com/photos/britishlibrary/11022980926/in/album-72157639959761466,"book-cover,1840s,würzburg"
Het Koningrijk der Nederlanden voorgesteld in eene reeks van ... schilderachtige gezigten ... en beschreven door J. L. Terwen,https://live.staticflickr.com/3680/11055591516_81e54969cb_b.jpg,"Terwen, Johannes Leonardus, Gouda, 1858",https://www.flickr.com/photos/britishlibrary/11055591516/in/album-72157639959761466,"book-cover,1850s,gouda"
"British Library digitised image from page 81 of ""Italy, illustrated and described, in a series of views from drawings by Stanfield, R.A, Roberts, R.A, Harding, Prout, Leitch, Brockedon, Barnard, &c. &c. With descriptions of the scenes. And an introductory",https://live.staticflickr.com/2890/11066520895_803c6e09b6_b.jpg,"Brockedon, William, Blackie, London (England), 1864",https://www.flickr.com/photos/britishlibrary/11066520895/in/album-72157639959761466,"book-cover,1860s,london-england"
"Ned Kelly, the ironclad Australian Bushranger. By J. S. Borlase",https://live.staticflickr.com/5543/11187753676_07c6697aa0_b.jpg,"Borlase, James Skipp, General Publishing, London (England), 1887",https://www.flickr.com/photos/britishlibrary/11187753676/in/album-72157639959761466,"book-cover,1880s,london-england"
Thrilling Life Stories for the Masses,https://live.staticflickr.com/3808/11219987993_a14f8944ed_b.jpg,"Thrilling Stories' Committee, Crewe ; Manchester, 1892",https://www.flickr.com/photos/britishlibrary/11219987993/in/album-72157639959761466,"book-cover,1890s,crewe-manchester"
Thrilling Life Stories for the Masses,https://live.staticflickr.com/3761/11219786556_19df27b3d8_b.jpg,"Thrilling Stories' Committee, Crewe ; Manchester, 1892",https://www.flickr.com/photos/britishlibrary/11219786556/in/album-72157639959761466,"book-cover,1890s,crewe-manchester"
Thrilling Life Stories for the Masses,https://live.staticflickr.com/2867/11216573545_3a04bf141d_b.jpg,"Thrilling Stories' Committee, Crewe ; Manchester, 1892",https://www.flickr.com/photos/britishlibrary/11216573545/in/album-72157639959761466,"book-cover,1890s,crewe-manchester"
Thrilling Life Stories for the Masses,https://live.staticflickr.com/5508/11216057563_7d8b304055_b.jpg,"Thrilling Stories' Committee, Crewe ; Manchester, 1892",https://www.flickr.com/photos/britishlibrary/11216057563/in/album-72157639959761466,"book-cover,1890s,crewe-manchester"
Half Hours of English History selected and illustrated by C. K,https://live.staticflickr.com/7361/11036279215_b6c29c76d4_b.jpg,"Knight, Charles, 1791-1873, London (England), 1851",https://www.flickr.com/photos/britishlibrary/11036279215/in/album-72157639959761466,"book-cover,1850s,london-england"
"Lives of Eminent and Illustrious Englishmen, from Alfred the Great to the latest times. On an original plan. Edited by G. G. Cunningham. Illustrated by a series of ... portraits, etc",https://live.staticflickr.com/3686/11064542385_d84e4a3fc3_b.jpg,"Cunningham, George Godfrey, A. Fullarton Edition: Another edition, The English Nation, or a History of England in the lives of Englishmen, etc, Edinburgh ; London (England ; Scotland), 1863",https://www.flickr.com/photos/britishlibrary/11064542385/in/album-72157639959761466,"book-cover,1860s,edinburgh-london-england-scotland"
"Giessen und seine Umgebungen. Ein Führer für Fremde und Einheimische, und Gabe freundlicher Erinnerung an alle seine Musensöhne [With plates.]",https://live.staticflickr.com/3676/11022507603_05782c6153_b.jpg,"Dieffenbach, Johann Philipp, Darmstadt, 1844",https://www.flickr.com/photos/britishlibrary/11022507603/in/album-72157639959761466,"book-cover,1840s,darmstadt"
London & Suburban. Poems,https://live.staticflickr.com/5534/11254503503_f77b6cda74_b.jpg,"Mann, Francis Oscar, G. Bell, London (England), 1925",https://www.flickr.com/photos/britishlibrary/11254503503/in/album-72157639959761466,"book-cover,1920s,london-england"
"Ned Kelly, the ironclad Australian Bushranger. By J. S. Borlase",https://live.staticflickr.com/3751/11190005505_a6a2e4e5ca_b.jpg,"Borlase, James Skipp, General Publishing, London (England), 1887",https://www.flickr.com/photos/britishlibrary/11190005505/in/album-72157639959761466,"book-cover,1880s,london-england"
"The British Colonies; their history, extent, condition, and resources",https://live.staticflickr.com/3761/11036503445_1a39aa4d1c_b.jpg,"Martin, Robert Montgomery, approximately 1803-1868, London ; New York (England ; United States of America), 1851",https://www.flickr.com/photos/britishlibrary/11036503445/in/album-72157639959761466,"book-cover,1850s,london-new-york-england-united-states-of-america"
"The British Colonies; their history, extent, condition, and resources",https://live.staticflickr.com/3770/11036321334_ab63ba3179_b.jpg,"Martin, Robert Montgomery, approximately 1803-1868, London ; New York (England ; United States of America), 1851",https://www.flickr.com/photos/britishlibrary/11036321334/in/album-72157639959761466,"book-cover,1850s,london-new-york-england-united-states-of-america"
"Berneck und seine nächsten Umgebungen ... Zweite, ganz umgearbeitete Auflage",https://live.staticflickr.com/3732/11023437444_81141ecfce_b.jpg,"Adler, G. K., Bayreuth, 1844",https://www.flickr.com/photos/britishlibrary/11023437444/in/album-72157639959761466,"book-cover,1840s,bayreuth"
Rambles in Naples. An archæological and historical guide to ... Naples and its environs,https://live.staticflickr.com/2830/11129811603_595151b151_b.jpg,"Forbes, S. Russell, Rome, 1879",https://www.flickr.com/photos/britishlibrary/11129811603/in/album-72157639959761466,"book-cover,1870s,rome"
The Virginians; a tale of the last century ... With illustrations ... by the author,https://live.staticflickr.com/3728/11054042065_b66748a313_b.jpg,"Thackeray, William Makepeace, 1811-1863, Bradbury & Evans, London (England), 1858",https://www.flickr.com/photos/britishlibrary/11054042065/in/album-72157639959761466,"book-cover,1850s,london-england"
"The History of Progress in Great Britain ... With ... illustrations by William Newman, etc",https://live.staticflickr.com/2869/11056648106_7d30ac2f81_b.jpg,"Philp, Robert Kemp, London (England), 1858",https://www.flickr.com/photos/britishlibrary/11056648106/in/album-72157639959761466,"book-cover,1850s,london-england"
"'I am here!' The Duke's Motto; or, the Little Parisian [Translated from 'Le Petit Parisien,' by H. Ll. Williams.]",https://live.staticflickr.com/2815/11065500994_fbcc2af075_b.jpg,"Féval, Paul, 1817-1887, R. M. de Witt, New York (United States of America), 1863",https://www.flickr.com/photos/britishlibrary/11065500994/in/album-72157639959761466,"book-cover,1860s,new-york-united-states-of-america"
"'I am here!' The Duke's Motto; or, the Little Parisian [Translated from 'Le Petit Parisien,' by H. Ll. Williams.]",https://live.staticflickr.com/7387/11064769415_074372ccef_b.jpg,"Féval, Paul, 1817-1887, R. M. de Witt, New York (United States of America), 1863",https://www.flickr.com/photos/britishlibrary/11064769415/in/album-72157639959761466,"book-cover,1860s,new-york-united-states-of-america"
La Dalmazia descritta. Con 48 tavole miniate rappresentanti i principali costumi nazionali,https://live.staticflickr.com/2828/11025084673_4f888276b5_b.jpg,"Carrara, Francesco, Direttore del Museo d'Antichità di Spalato, Zara, 1846",https://www.flickr.com/photos/britishlibrary/11025084673/in/album-72157639959761466,"book-cover,1840s,zara"
"Ned Kelly, the ironclad Australian Bushranger. By J. S. Borlase",https://live.staticflickr.com/3821/11189142735_1494182e0f_b.jpg,"Borlase, James Skipp, General Publishing, London (England), 1887",https://www.flickr.com/photos/britishlibrary/11189142735/in/album-72157639959761466,"book-cover,1880s,london-england"
The Martins of Cro' Martin. With illustrations by 'Phiz' [i.e. Hablot-Knight Browne.],https://live.staticflickr.com/5510/11047563215_00cb371ba4_b.jpg,"Lever, Charles, 1806-1872, London (England), 1856",https://www.flickr.com/photos/britishlibrary/11047563215/in/album-72157639959761466,"book-cover,1850s,london-england"
"British Library digitised image from page 107 of ""History of the United States of America: ... to the present time [Drawn from Hinton's History, Holmes' 'Annals,' etc.] By T. P. Shaffner [assisted by C. Ball? and others] . Illustrated with steel engraving",https://live.staticflickr.com/5488/11064733483_c6126e1cbd_b.jpg,"Ball, Charles, esq, London ; New York (England ; United States of America), 1863",https://www.flickr.com/photos/britishlibrary/11064733483/in/album-72157639959761466,"book-cover,1860s,london-new-york-england-united-states-of-america"
"Lives of Eminent and Illustrious Englishmen, from Alfred the Great to the latest times. On an original plan. Edited by G. G. Cunningham. Illustrated by a series of ... portraits, etc",https://live.staticflickr.com/5474/11064635654_8274c8cc81_b.jpg,"Cunningham, George Godfrey, A. Fullarton Edition: Another edition, The English Nation, or a History of England in the lives of Englishmen, etc, Edinburgh ; London (England ; Scotland), 1863",https://www.flickr.com/photos/britishlibrary/11064635654/in/album-72157639959761466,"book-cover,1860s,edinburgh-london-england-scotland"
"Satires, rhapsodical, on Aristocracy: by Caius Marcus",https://live.staticflickr.com/3767/11020065474_ae9af26eb5_b.jpg,"Marcus, Caius, pseudonym, Manchester, 1842",https://www.flickr.com/photos/britishlibrary/11020065474/in/album-72157639959761466,"book-cover,1840s,manchester"
"Ned Kelly, the ironclad Australian Bushranger. By J. S. Borlase",https://live.staticflickr.com/7362/11192436793_0d5c9c8230_b.jpg,"Borlase, James Skipp, General Publishing, London (England), 1887",https://www.flickr.com/photos/britishlibrary/11192436793/in/album-72157639959761466,"book-cover,1880s,london-england"
"The British Colonies; their history, extent, condition, and resources",https://live.staticflickr.com/3723/11035509536_5132713181_b.jpg,"Martin, Robert Montgomery, approximately 1803-1868, London ; New York (England ; United States of America), 1851",https://www.flickr.com/photos/britishlibrary/11035509536/in/album-72157639959761466,"book-cover,1850s,london-new-york-england-united-states-of-america"
Två Reseskizzer af författaren till 'Två år bland Zouaverna.',https://live.staticflickr.com/5495/11075423225_9625ed95b9_b.jpg,"Stockholm, 1867",https://www.flickr.com/photos/britishlibrary/11075423225/in/album-72157639959761466,"book-cover,1860s,stockholm"
"China: in a series of views, displaying the scenery, architecture and social habits of that ancient empire. Drawn ... by T. Allom. With historical and descriptive notices by the Rev. G. N. Wright",https://live.staticflickr.com/2858/11053976386_b0c72f1cc8_b.jpg,"Wright, George Newenham, London Printing & Publishing Edition: Another edition, The Chinese Empire illustrated, being a series of views from original sketches, by T. Allom, Esq, displaying the scenery, architecture, social habits, et cetera, of that ancient and exclusive nation. With historical and descriptive letterpress by the Revised G. N. Wright, London (England), 1858",https://www.flickr.com/photos/britishlibrary/11053976386/in/album-72157639959761466,"book-cover,1850s,london-england"
"The British Colonies; their history, extent, condition, and resources",https://live.staticflickr.com/7372/11035099176_4b972a2977_b.jpg,"Martin, Robert Montgomery, approximately 1803-1868, London ; New York (England ; United States of America), 1851",https://www.flickr.com/photos/britishlibrary/11035099176/in/album-72157639959761466,"book-cover,1850s,london-new-york-england-united-states-of-america"
"British Library digitised image from page 123 of ""Battles of the United States, by Sea and Land: embracing those of the Revolutionary and Indian Wars, the War of 1812, and the Mexican War; with important official documents ... Illustrated with ... steel e",https://live.staticflickr.com/3783/11054639154_756cdfb783_b.jpg,"Chappel, Alonzo, 1828-1887, Johnson, Fry, New York (United States of America), 1858",https://www.flickr.com/photos/britishlibrary/11054639154/in/album-72157639959761466,"book-cover,1850s,new-york-united-states-of-america"
"British Library digitised image from page 123 of ""The Doldenhorn and Weisse Frau. Ascended for the first time by A. Roth and E. von Fellenberg. By A. Roth ... With 11 coloured engravings from sketches by P. Gosset and E. v. Fellenberg, 4 woodcuts and a co",https://live.staticflickr.com/2838/11064397253_515a892f0e_b.jpg,"Fellenberg, Edmund von, Coblenz, Leipzig, 1863",https://www.flickr.com/photos/britishlibrary/11064397253/in/album-72157639959761466,"book-cover,1860s,coblenz-leipzig"
Thrilling Life Stories for the Masses,https://live.staticflickr.com/7339/11215323754_caa7318d5e_b.jpg,"Thrilling Stories' Committee, Crewe ; Manchester, 1892",https://www.flickr.com/photos/britishlibrary/11215323754/in/album-72157639959761466,"book-cover,1890s,crewe-manchester"
"British Library digitised image from page 126 of ""Memoria sobre as colonias de Portugal situadas na costa occidental d'Africa, mandada as governo pelo antigo governador e Capitão General do reino de Angola A. de Saldanha da Gama, em 1814. Precedida de um",https://live.staticflickr.com/2883/11015890436_9b233c6e83_b.jpg,"Saldanha Da Gama, Antonio de, Count de Porto Santo, Pariz, 1839",https://www.flickr.com/photos/britishlibrary/11015890436/in/album-72157639959761466,"book-cover,1830s,pariz"
Thrilling Life Stories for the Masses,https://live.staticflickr.com/3739/11219877545_219a73bc3d_b.jpg,"Thrilling Stories' Committee, Crewe ; Manchester, 1892",https://www.flickr.com/photos/britishlibrary/11219877545/in/album-72157639959761466,"book-cover,1890s,crewe-manchester"
Thrilling Life Stories for the Masses,https://live.staticflickr.com/3802/11219260354_4e1a38f7f2_b.jpg,"Thrilling Stories' Committee, Crewe ; Manchester, 1892",https://www.flickr.com/photos/britishlibrary/11219260354/in/album-72157639959761466,"book-cover,1890s,crewe-manchester"
Thrilling Life Stories for the Masses,https://live.staticflickr.com/3756/11219221336_f49a7dee55_b.jpg,"Thrilling Stories' Committee, Crewe ; Manchester, 1892",https://www.flickr.com/photos/britishlibrary/11219221336/in/album-72157639959761466,"book-cover,1890s,crewe-manchester"
Thrilling Life Stories for the Masses,https://live.staticflickr.com/2885/11216226616_d46c17f07d_b.jpg,"Thrilling Stories' Committee, Crewe ; Manchester, 1892",https://www.flickr.com/photos/britishlibrary/11216226616/in/album-72157639959761466,"book-cover,1890s,crewe-manchester"
Thrilling Life Stories for the Masses,https://live.staticflickr.com/7424/11216079845_4fd4a90a2a_b.jpg,"Thrilling Stories' Committee, Crewe ; Manchester, 1892",https://www.flickr.com/photos/britishlibrary/11216079845/in/album-72157639959761466,"book-cover,1890s,crewe-manchester"
"The British Colonies; their history, extent, condition, and resources",https://live.staticflickr.com/3708/11036368073_634cfe006a_b.jpg,"Martin, Robert Montgomery, approximately 1803-1868, London ; New York (England ; United States of America), 1851",https://www.flickr.com/photos/britishlibrary/11036368073/in/album-72157639959761466,"book-cover,1850s,london-new-york-england-united-states-of-america"
"Ned Kelly, the ironclad Australian Bushranger. By J. S. Borlase",https://live.staticflickr.com/5497/11186810474_fdb1b91a43_b.jpg,"Borlase, James Skipp, General Publishing, London (England), 1887",https://www.flickr.com/photos/britishlibrary/11186810474/in/album-72157639959761466,"book-cover,1880s,london-england"
"The British Colonies; their history, extent, condition, and resources",https://live.staticflickr.com/3712/11037514424_a263ba213c_b.jpg,"Martin, Robert Montgomery, approximately 1803-1868, London ; New York (England ; United States of America), 1851",https://www.flickr.com/photos/britishlibrary/11037514424/in/album-72157639959761466,"book-cover,1850s,london-new-york-england-united-states-of-america"
"The British Colonies; their history, extent, condition, and resources",https://live.staticflickr.com/3676/11036284063_b2ee41904f_b.jpg,"Martin, Robert Montgomery, approximately 1803-1868, London ; New York (England ; United States of America), 1851",https://www.flickr.com/photos/britishlibrary/11036284063/in/album-72157639959761466,"book-cover,1850s,london-new-york-england-united-states-of-america"
Het Koningrijk der Nederlanden voorgesteld in eene reeks van ... schilderachtige gezigten ... en beschreven door J. L. Terwen,https://live.staticflickr.com/3702/11056669506_07e373a878_b.jpg,"Terwen, Johannes Leonardus, Gouda, 1858",https://www.flickr.com/photos/britishlibrary/11056669506/in/album-72157639959761466,"book-cover,1850s,gouda"
A Man's Man. A novel,https://live.staticflickr.com/3786/11223230626_2807061a0d_b.jpg,"Winter, John Strange, pseudonym [i.e. Henrietta Eliza Vaughan Stannard], F. V. White, London (England), 1893",https://www.flickr.com/photos/britishlibrary/11223230626/in/album-72157639959761466,"book-cover,1890s,london-england"
Mr. Midshipman Easy,https://live.staticflickr.com/5492/11143923894_2794122d02_b.jpg,"Marryat, Frederick, 1792-1848, Ward, Lock Edition: Another edition, London (England), 1881",https://www.flickr.com/photos/britishlibrary/11143923894/in/album-72157639959761466,"book-cover,1880s,london-england"
Thrilling Life Stories for the Masses,https://live.staticflickr.com/5497/11218624134_5e99f46b14_b.jpg,"Thrilling Stories' Committee, Crewe ; Manchester, 1892",https://www.flickr.com/photos/britishlibrary/11218624134/in/album-72157639959761466,"book-cover,1890s,crewe-manchester"
An Account of the Settlements of the New Zealand Company ... Fourth edition,https://live.staticflickr.com/2843/11019851706_4448e38a12_b.jpg,"Petre, Henry William, Honourable, Smith & Elder Edition: Fifth edition, London (England), 1842",https://www.flickr.com/photos/britishlibrary/11019851706/in/album-72157639959761466,"book-cover,1840s,london-england"
The Aldine 'O'er Land and Sea.' Library,https://live.staticflickr.com/3809/11204357763_6d51012582_b.jpg,"Aldine Publishing, London (England), 1890",https://www.flickr.com/photos/britishlibrary/11204357763/in/album-72157639959761466,"book-cover,1890s,london-england"
"Ned Kelly, the ironclad Australian Bushranger. By J. S. Borlase",https://live.staticflickr.com/2830/11186732083_57da772fbe_b.jpg,"Borlase, James Skipp, General Publishing, London (England), 1887",https://www.flickr.com/photos/britishlibrary/11186732083/in/album-72157639959761466,"book-cover,1880s,london-england"
The Aldine 'O'er Land and Sea.' Library,https://live.staticflickr.com/5514/11206934126_8fe6e182a3_b.jpg,"Aldine Publishing, London (England), 1890",https://www.flickr.com/photos/britishlibrary/11206934126/in/album-72157639959761466,"book-cover,1890s,london-england"
The Aldine 'O'er Land and Sea.' Library,https://live.staticflickr.com/2839/11206083264_bca0f4d002_b.jpg,"Aldine Publishing, London (England), 1890",https://www.flickr.com/photos/britishlibrary/11206083264/in/album-72157639959761466,"book-cover,1890s,london-england"
The Aldine 'O'er Land and Sea.' Library,https://live.staticflickr.com/2873/11205977544_65c159d195_b.jpg,"Aldine Publishing, London (England), 1890",https://www.flickr.com/photos/britishlibrary/11205977544/in/album-72157639959761466,"book-cover,1890s,london-england"
The Aldine 'O'er Land and Sea.' Library,https://live.staticflickr.com/3810/11204630883_60a6988e1c_b.jpg,"Aldine Publishing, London (England), 1890",https://www.flickr.com/photos/britishlibrary/11204630883/in/album-72157639959761466,"book-cover,1890s,london-england"
The Aldine 'O'er Land and Sea.' Library,https://live.staticflickr.com/7341/11204484133_eb3034453d_b.jpg,"Aldine Publishing, London (England), 1890",https://www.flickr.com/photos/britishlibrary/11204484133/in/album-72157639959761466,"book-cover,1890s,london-england"
The Aldine 'O'er Land and Sea.' Library,https://live.staticflickr.com/3830/11203062356_f01369e5e9_b.jpg,"Aldine Publishing, London (England), 1890",https://www.flickr.com/photos/britishlibrary/11203062356/in/album-72157639959761466,"book-cover,1890s,london-england"
The Aldine 'O'er Land and Sea.' Library,https://live.staticflickr.com/5501/11202761404_a9454631bd_b.jpg,"Aldine Publishing, London (England), 1890",https://www.flickr.com/photos/britishlibrary/11202761404/in/album-72157639959761466,"book-cover,1890s,london-england"
The Aldine 'O'er Land and Sea.' Library,https://live.staticflickr.com/2892/11202464194_b420967b6a_b.jpg,"Aldine Publishing, London (England), 1890",https://www.flickr.com/photos/britishlibrary/11202464194/in/album-72157639959761466,"book-cover,1890s,london-england"
"British Library digitised image from page 142 of ""The Poetical Works of John Milton. Containing Paradise Lost. Paradise Regained. Samson Agonistes, and his Poems on several occasions. Together with explanatory notes on each book of the Paradise Lost [by P",https://live.staticflickr.com/3774/10997330754_19d09099b0_b.jpg,"Milton, John, 1608-1674, Jacob Tonson, London (England), 1695",https://www.flickr.com/photos/britishlibrary/10997330754/in/album-72157639959761466,"book-cover,1690s,london-england"
"British Library digitised image from page 143 of ""Histoire des Environs de Bruxelles, ou description historique des localités qui formaient autrefois l'ammannie de cette ville par A. W. ... Ouvrage faisant suite à l'Histoire de Bruxelles par A. Henne et A",https://live.staticflickr.com/5503/11037505503_97ebcaeb32_b.jpg,"Wauters, Alphonse, Bruxelles, 1851",https://www.flickr.com/photos/britishlibrary/11037505503/in/album-72157639959761466,"book-cover,1850s,bruxelles"
"Kulturgeschichte ... Vierte Auflage. Neu bearbeitet von M. von Brandt [and others], etc",https://live.staticflickr.com/7337/11235281784_2477ed8f3c_b.jpg,"Hellwald, Friedrich Anton Heller von, Baron, Leipzig, 1896",https://www.flickr.com/photos/britishlibrary/11235281784/in/album-72157639959761466,"book-cover,1890s,leipzig"
"Anvers en 1830, 1831, et 1832, jusques et y compris le Siége de la Citadelle [By D. M. D. V.]",https://live.staticflickr.com/2882/11009033854_294cd3e3ae_b.jpg,"V, D. M. D., Anvers, 1833",https://www.flickr.com/photos/britishlibrary/11009033854/in/album-72157639959761466,"book-cover,1830s,anvers"
"Ogledalo Iliriuma, iliti dogodovstina Ilirah, Slavinah, Straznji put Horvatah zvanih, od potopa, to jest godine světa 1656, etc",https://live.staticflickr.com/3760/11016219996_6568f065fe_b.jpg,"Švear, Ivan, Zagrebu, 1839",https://www.flickr.com/photos/britishlibrary/11016219996/in/album-72157639959761466,"book-cover,1830s,zagrebu"
Thrilling Life Stories for the Masses,https://live.staticflickr.com/7353/11216518195_392bb22f5c_b.jpg,"Thrilling Stories' Committee, Crewe ; Manchester, 1892",https://www.flickr.com/photos/britishlibrary/11216518195/in/album-72157639959761466,"book-cover,1890s,crewe-manchester"
"The Song of the Blood Corpuscles, and other poems",https://live.staticflickr.com/3685/11251074166_52d7d3d43c_b.jpg,"Strickland, Walter William, Sir, Baronet, Robert Forder, London (England), 1899",https://www.flickr.com/photos/britishlibrary/11251074166/in/album-72157639959761466,"book-cover,1890s,london-england"
Title,https://live.staticflickr.com/3807/11031263386_96b5dbccc6_b.jpg,"Publisher Edition: Edition, Place of publication (Country of publication)",https://www.flickr.com/photos/britishlibrary/11031263386/in/album-72157639959761466,"book-cover,place-of-publication-country-of-publication"
"Erdkunde des Gouvernments Perm, als Beitrag zur nähern Kenntniss Russlands",https://live.staticflickr.com/2860/11036134406_db46ab62a1_b.jpg,"Zerrenner, Carl, Leipzig, 1851",https://www.flickr.com/photos/britishlibrary/11036134406/in/album-72157639959761466,"book-cover,1850s,leipzig"
"Ned Kelly, the ironclad Australian Bushranger. By J. S. Borlase",https://live.staticflickr.com/2859/11189177016_d61bf9e77d_b.jpg,"Borlase, James Skipp, General Publishing, London (England), 1887",https://www.flickr.com/photos/britishlibrary/11189177016/in/album-72157639959761466,"book-cover,1880s,london-england"
"The British Colonies; their history, extent, condition, and resources",https://live.staticflickr.com/3773/11037359913_122cca539d_b.jpg,"Martin, Robert Montgomery, approximately 1803-1868, London ; New York (England ; United States of America), 1851",https://www.flickr.com/photos/britishlibrary/11037359913/in/album-72157639959761466,"book-cover,1850s,london-new-york-england-united-states-of-america"
"British Library digitised image from page 160 of ""Travels in China: containing descriptions, observations and comparisons made and collected in the course of a short residence at the Imperial Palace of Yuen-min-yuen, and on a subsequent journey from Pekin",https://live.staticflickr.com/5541/10999716164_00933e8623_b.jpg,"Barrow, John, Sir, 1764-1848, T. Cadell & W. Davies, London (England), 1804",https://www.flickr.com/photos/britishlibrary/10999716164/in/album-72157639959761466,"book-cover,1800s,london-england"
Thrilling Life Stories for the Masses,https://live.staticflickr.com/3713/11219797376_66859ea3f9_b.jpg,"Thrilling Stories' Committee, Crewe ; Manchester, 1892",https://www.flickr.com/photos/britishlibrary/11219797376/in/album-72157639959761466,"book-cover,1890s,crewe-manchester"
"China: in a series of views, displaying the scenery, architecture and social habits of that ancient empire. Drawn ... by T. Allom. With historical and descriptive notices by the Rev. G. N. Wright",https://live.staticflickr.com/7390/11053518905_0ec4387d9e_b.jpg,"Wright, George Newenham, London Printing & Publishing Edition: Another edition, The Chinese Empire illustrated, being a series of views from original sketches, by T. Allom, Esq, displaying the scenery, architecture, social habits, et cetera, of that ancient and exclusive nation. With historical and descriptive letterpress by the Revised G. N. Wright, London (England), 1858",https://www.flickr.com/photos/britishlibrary/11053518905/in/album-72157639959761466,"book-cover,1850s,london-england"
"Lives of Eminent and Illustrious Englishmen, from Alfred the Great to the latest times. On an original plan. Edited by G. G. Cunningham. Illustrated by a series of ... portraits, etc",https://live.staticflickr.com/5471/11064593876_d1620eaa19_b.jpg,"Cunningham, George Godfrey, A. Fullarton Edition: Another edition, The English Nation, or a History of England in the lives of Englishmen, etc, Edinburgh ; London (England ; Scotland), 1863",https://www.flickr.com/photos/britishlibrary/11064593876/in/album-72157639959761466,"book-cover,1860s,edinburgh-london-england-scotland"
"Ned Kelly, the ironclad Australian Bushranger. By J. S. Borlase",https://live.staticflickr.com/5510/11186548656_cf12762a95_b.jpg,"Borlase, James Skipp, General Publishing, London (England), 1887",https://www.flickr.com/photos/britishlibrary/11186548656/in/album-72157639959761466,"book-cover,1880s,london-england"
"The Marchioness of Brinvilliers, the poisoner of the seventeenth century. A romance of old Paris",https://live.staticflickr.com/2875/11191080295_965d267b95_b.jpg,"Smith, Albert Richard, G. Routledge Edition: Another edition, London (England), 1887",https://www.flickr.com/photos/britishlibrary/11191080295/in/album-72157639959761466,"book-cover,1880s,london-england"
Thrilling Life Stories for the Masses,https://live.staticflickr.com/7425/11216856274_9babb905be_b.jpg,"Thrilling Stories' Committee, Crewe ; Manchester, 1892",https://www.flickr.com/photos/britishlibrary/11216856274/in/album-72157639959761466,"book-cover,1890s,crewe-manchester"
La Dalmazia descritta. Con 48 tavole miniate rappresentanti i principali costumi nazionali,https://live.staticflickr.com/3705/11025053765_c52861dc73_b.jpg,"Carrara, Francesco, Direttore del Museo d'Antichità di Spalato, Zara, 1846",https://www.flickr.com/photos/britishlibrary/11025053765/in/album-72157639959761466,"book-cover,1840s,zara"
Hardships made easy. Domestic hardships. Hardships in travel. Hardships abroad. Illustrated,https://live.staticflickr.com/3801/11066342453_5a10090be8_b.jpg,"London (England), 1864",https://www.flickr.com/photos/britishlibrary/11066342453/in/album-72157639959761466,"book-cover,1860s,london-england"
"Ned Kelly, the ironclad Australian Bushranger. By J. S. Borlase",https://live.staticflickr.com/5488/11189609635_7cda08bbd5_b.jpg,"Borlase, James Skipp, General Publishing, London (England), 1887",https://www.flickr.com/photos/britishlibrary/11189609635/in/album-72157639959761466,"book-cover,1880s,london-england"
"Resources of California. Prepared in conformity with a law approved March 11, 1893. By H. H. Markham, Governor [Or rather, written by various authors, and edited by E. W. Maslin. Illustrated.]",https://live.staticflickr.com/5506/11224962354_815be648b5_b.jpg,"Markham, H. H., State Office, Sacramento, 1893",https://www.flickr.com/photos/britishlibrary/11224962354/in/album-72157639959761466,"book-cover,1890s,sacramento"
The Earth and its Inhabitants. The European section of the Universal Geography by E. Reclus. Edited by E. G. Ravenstein. Illustrated by ... engravings and maps,https://live.staticflickr.com/5481/11121552786_d4d9df2f40_b.jpg,"Reclus, Elisée, 1830-1905, London (England), 1878",https://www.flickr.com/photos/britishlibrary/11121552786/in/album-72157639959761466,"book-cover,1870s,london-england"
Thrilling Life Stories for the Masses,https://live.staticflickr.com/5518/11219022813_54b8d031f2_b.jpg,"Thrilling Stories' Committee, Crewe ; Manchester, 1892",https://www.flickr.com/photos/britishlibrary/11219022813/in/album-72157639959761466,"book-cover,1890s,crewe-manchester"
"Tommy Toddles's Comic Almenak, for all't foaks e Leeds (e t' Wurld) an raand abaght (for 1862, 1863-69, 1870-74) ... Be Tommy Toddles, Eesquear",https://live.staticflickr.com/7448/11063652716_56e308632c_b.jpg,"Toddles, Tommy, pseudonym, J. Heaton, Leeds (England), 1862",https://www.flickr.com/photos/britishlibrary/11063652716/in/album-72157639959761466,"book-cover,1860s,leeds-england"
Thrilling Life Stories for the Masses,https://live.staticflickr.com/3665/11219135646_87c2ab75b2_b.jpg,"Thrilling Stories' Committee, Crewe ; Manchester, 1892",https://www.flickr.com/photos/britishlibrary/11219135646/in/album-72157639959761466,"book-cover,1890s,crewe-manchester"
Thrilling Life Stories for the Masses,https://live.staticflickr.com/7370/11214778504_58074e81b3_b.jpg,"Thrilling Stories' Committee, Crewe ; Manchester, 1892",https://www.flickr.com/photos/britishlibrary/11214778504/in/album-72157639959761466,"book-cover,1890s,crewe-manchester"
"Ned Kelly, the ironclad Australian Bushranger. By J. S. Borlase",https://live.staticflickr.com/3802/11191271794_4b92956390_b.jpg,"Borlase, James Skipp, General Publishing, London (England), 1887",https://www.flickr.com/photos/britishlibrary/11191271794/in/album-72157639959761466,"book-cover,1880s,london-england"
The Child World [In verse.] ... Illustrated by C. Robinson,https://live.staticflickr.com/7432/11236878223_edd1eea40e_b.jpg,"Robinson, Charles, 1870-1937, J. Lane, London ; New York (England ; United States of America), 1896",https://www.flickr.com/photos/britishlibrary/11236878223/in/album-72157639959761466,"book-cover,1890s,london-new-york-england-united-states-of-america"
Thrilling Life Stories for the Masses,https://live.staticflickr.com/3679/11219873036_65840b3909_b.jpg,"Thrilling Stories' Committee, Crewe ; Manchester, 1892",https://www.flickr.com/photos/britishlibrary/11219873036/in/album-72157639959761466,"book-cover,1890s,crewe-manchester"
The Spanish Wine [A tale.],https://live.staticflickr.com/3676/11294254594_71f7b279b3_b.jpg,"Mathew, Frank James, J. Lane, Cambridge ; London ; New York (England ; United States of America), 1898",https://www.flickr.com/photos/britishlibrary/11294254594/in/album-72157639959761466,"book-cover,1890s,cambridge-london-new-york-england-united-states-of-america"
"Ned Kelly, the ironclad Australian Bushranger. By J. S. Borlase",https://live.staticflickr.com/7368/11186913653_d1c91f8f64_b.jpg,"Borlase, James Skipp, General Publishing, London (England), 1887",https://www.flickr.com/photos/britishlibrary/11186913653/in/album-72157639959761466,"book-cover,1880s,london-england"
"The British Colonies; their history, extent, condition, and resources",https://live.staticflickr.com/2826/11036220054_7f4d76c80b_b.jpg,"Martin, Robert Montgomery, approximately 1803-1868, London ; New York (England ; United States of America), 1851",https://www.flickr.com/photos/britishlibrary/11036220054/in/album-72157639959761466,"book-cover,1850s,london-new-york-england-united-states-of-america"
"China: in a series of views, displaying the scenery, architecture and social habits of that ancient empire. Drawn ... by T. Allom. With historical and descriptive notices by the Rev. G. N. Wright",https://live.staticflickr.com/5546/11055550663_ec50830706_b.jpg,"Wright, George Newenham, London Printing & Publishing Edition: Another edition, The Chinese Empire illustrated, being a series of views from original sketches, by T. Allom, Esq, displaying the scenery, architecture, social habits, et cetera, of that ancient and exclusive nation. With historical and descriptive letterpress by the Revised G. N. Wright, London (England), 1858",https://www.flickr.com/photos/britishlibrary/11055550663/in/album-72157639959761466,"book-cover,1850s,london-england"
Old London Bridge,https://live.staticflickr.com/5503/11194141963_48843a91bb_b.jpg,"Rodwell, G. Herbert (George Herbert), 1800-1852, G. Routledge, London (England), 1888",https://www.flickr.com/photos/britishlibrary/11194141963/in/album-72157639959761466,"book-cover,1880s,london-england"
A Midnight Mystery. A novel,https://live.staticflickr.com/7442/11225189606_ff122a485a_b.jpg,"Hume, Fergus, 1859-1932, Gale & Polden, London (England), 1894",https://www.flickr.com/photos/britishlibrary/11225189606/in/album-72157639959761466,"book-cover,1890s,london-england"
"Geschichte von Karlsbad, in medicinischer, topographischer geselliger Beziehung",https://live.staticflickr.com/7403/11015786965_2091a91187_b.jpg,"Hlawáček, Eduard, Prag, 1839",https://www.flickr.com/photos/britishlibrary/11015786965/in/album-72157639959761466,"book-cover,1830s,prag"
Ivy Leaves; a collection of poems,https://live.staticflickr.com/7422/11022956795_e8bed846d5_b.jpg,"Varley, afterwards Banks, Isabella, London (England), 1844",https://www.flickr.com/photos/britishlibrary/11022956795/in/album-72157639959761466,"book-cover,1840s,london-england"
Thrilling Life Stories for the Masses,https://live.staticflickr.com/3748/11219220496_642522b683_b.jpg,"Thrilling Stories' Committee, Crewe ; Manchester, 1892",https://www.flickr.com/photos/britishlibrary/11219220496/in/album-72157639959761466,"book-cover,1890s,crewe-manchester"
Thrilling Life Stories for the Masses,https://live.staticflickr.com/2847/11217985944_1ccd743e68_b.jpg,"Thrilling Stories' Committee, Crewe ; Manchester, 1892",https://www.flickr.com/photos/britishlibrary/11217985944/in/album-72157639959761466,"book-cover,1890s,crewe-manchester"
Thrilling Life Stories for the Masses,https://live.staticflickr.com/3713/11215847214_c8d82f20d7_b.jpg,"Thrilling Stories' Committee, Crewe ; Manchester, 1892",https://www.flickr.com/photos/britishlibrary/11215847214/in/album-72157639959761466,"book-cover,1890s,crewe-manchester"
The Aldine 'O'er Land and Sea.' Library,https://live.staticflickr.com/7389/11207769555_98ee2d0316_b.jpg,"Aldine Publishing, London (England), 1890",https://www.flickr.com/photos/britishlibrary/11207769555/in/album-72157639959761466,"book-cover,1890s,london-england"
The Aldine 'O'er Land and Sea.' Library,https://live.staticflickr.com/5503/11205872096_d5e73a2e60_b.jpg,"Aldine Publishing, London (England), 1890",https://www.flickr.com/photos/britishlibrary/11205872096/in/album-72157639959761466,"book-cover,1890s,london-england"
The Aldine 'O'er Land and Sea.' Library,https://live.staticflickr.com/2821/11204082485_e6d4631d44_b.jpg,"Aldine Publishing, London (England), 1890",https://www.flickr.com/photos/britishlibrary/11204082485/in/album-72157639959761466,"book-cover,1890s,london-england"
The Aldine 'O'er Land and Sea.' Library,https://live.staticflickr.com/3813/11203717455_0f7e819ff5_b.jpg,"Aldine Publishing, London (England), 1890",https://www.flickr.com/photos/britishlibrary/11203717455/in/album-72157639959761466,"book-cover,1890s,london-england"
The Aldine 'O'er Land and Sea.' Library,https://live.staticflickr.com/3789/11203260516_58ff6efa60_b.jpg,"Aldine Publishing, London (England), 1890",https://www.flickr.com/photos/britishlibrary/11203260516/in/album-72157639959761466,"book-cover,1890s,london-england"
"The British Colonies; their history, extent, condition, and resources",https://live.staticflickr.com/3718/11035561276_ec66eb3550_b.jpg,"Martin, Robert Montgomery, approximately 1803-1868, London ; New York (England ; United States of America), 1851",https://www.flickr.com/photos/britishlibrary/11035561276/in/album-72157639959761466,"book-cover,1850s,london-new-york-england-united-states-of-america"
"British Library digitised image from page 213 of ""History of the United States of America: ... to the present time [Drawn from Hinton's History, Holmes' 'Annals,' etc.] By T. P. Shaffner [assisted by C. Ball? and others] . Illustrated with steel engraving",https://live.staticflickr.com/5545/11064352355_bd7f507d2d_b.jpg,"Ball, Charles, esq, London ; New York (England ; United States of America), 1863",https://www.flickr.com/photos/britishlibrary/11064352355/in/album-72157639959761466,"book-cover,1860s,london-new-york-england-united-states-of-america"
"Ned Kelly, the ironclad Australian Bushranger. By J. S. Borlase",https://live.staticflickr.com/7318/11186788425_e64188da08_b.jpg,"Borlase, James Skipp, General Publishing, London (England), 1887",https://www.flickr.com/photos/britishlibrary/11186788425/in/album-72157639959761466,"book-cover,1880s,london-england"
"British Library digitised image from page 215 of ""The Nobility of Life, its graces and virtues, portrayed in prose and verse by the best writers. Selected and edited by L. Valentine. With twenty-four original pictures printed in colours, elaborate borders",https://live.staticflickr.com/5506/11088197294_4cb44b5a46_b.jpg,"Jewry, afterwards Valentine, Laura, London (England), 1869",https://www.flickr.com/photos/britishlibrary/11088197294/in/album-72157639959761466,"book-cover,1860s,london-england"
"Lives of Eminent and Illustrious Englishmen, from Alfred the Great to the latest times. On an original plan. Edited by G. G. Cunningham. Illustrated by a series of ... portraits, etc",https://live.staticflickr.com/7372/11064654776_1d18f24718_b.jpg,"Cunningham, George Godfrey, A. Fullarton Edition: Another edition, The English Nation, or a History of England in the lives of Englishmen, etc, Edinburgh ; London (England ; Scotland), 1863",https://www.flickr.com/photos/britishlibrary/11064654776/in/album-72157639959761466,"book-cover,1860s,edinburgh-london-england-scotland"
Luttrell of Arran. ... With illustrations by 'Phiz' [i.e. H. K. Browne],https://live.staticflickr.com/5521/11069242236_f1fbeec20a_b.jpg,"Lever, Charles, 1806-1872, London (England), 1865",https://www.flickr.com/photos/britishlibrary/11069242236/in/album-72157639959761466,"book-cover,1860s,london-england"
"British Library digitised image from page 220 of ""Amtliche Sammlung der ältern eidgenössischen Abschiede. Mit den ewigen Bünden, den Friedbriefen und andern Hauptverträgen, als Beilagen [Edited by G. M. von Knonau, J. K. Krütli, A. P. Segesser, D. A. Fech",https://live.staticflickr.com/5548/11016652993_c44faa1603_b.jpg,"Kaiser, Jakob, architect, Lucern, 1839",https://www.flickr.com/photos/britishlibrary/11016652993/in/album-72157639959761466,"book-cover,1830s,lucern"
The Virginians; a tale of the last century ... With illustrations ... by the author,https://live.staticflickr.com/3670/11053507075_e7179ab324_b.jpg,"Thackeray, William Makepeace, 1811-1863, Bradbury & Evans, London (England), 1858",https://www.flickr.com/photos/britishlibrary/11053507075/in/album-72157639959761466,"book-cover,1850s,london-england"
The true history of a little Ragamuffin [By J. Greenwood.],https://live.staticflickr.com/3668/11074951806_18f9bcab59_b.jpg,"London (England), 1866",https://www.flickr.com/photos/britishlibrary/11074951806/in/album-72157639959761466,"book-cover,1860s,london-england"
Thrilling Life Stories for the Masses,https://live.staticflickr.com/5536/11219522145_7e9753aeba_b.jpg,"Thrilling Stories' Committee, Crewe ; Manchester, 1892",https://www.flickr.com/photos/britishlibrary/11219522145/in/album-72157639959761466,"book-cover,1890s,crewe-manchester"
"Ned Kelly, the ironclad Australian Bushranger. By J. S. Borlase",https://live.staticflickr.com/2812/11187253874_4824648def_b.jpg,"Borlase, James Skipp, General Publishing, London (England), 1887",https://www.flickr.com/photos/britishlibrary/11187253874/in/album-72157639959761466,"book-cover,1880s,london-england"
The Popular History of England,https://live.staticflickr.com/2814/11048477094_974b45c08e_b.jpg,"Knight, Charles, 1791-1873, London (England), 1856",https://www.flickr.com/photos/britishlibrary/11048477094/in/album-72157639959761466,"book-cover,1850s,london-england"
Thrilling Life Stories for the Masses,https://live.staticflickr.com/3666/11218380424_8f1350c7e7_b.jpg,"Thrilling Stories' Committee, Crewe ; Manchester, 1892",https://www.flickr.com/photos/britishlibrary/11218380424/in/album-72157639959761466,"book-cover,1890s,crewe-manchester"
"A Cyclopædia of Geography, descriptive and physical, forming a new general gazetteer of the world and dictionary of pronunciation, etc",https://live.staticflickr.com/3668/11063941143_812a0a6058_b.jpg,"Bryce, James, f.g.s, C. Griffin Edition: Another edition, The Family Gazetteer, and Atlas of the World, The atlas by W. and A. K. Johnston. Third edition, thoroughly revised, London (England), 1862",https://www.flickr.com/photos/britishlibrary/11063941143/in/album-72157639959761466,"book-cover,1860s,london-england"
Thrilling Life Stories for the Masses,https://live.staticflickr.com/3748/11219115955_7ba6e38b60_b.jpg,"Thrilling Stories' Committee, Crewe ; Manchester, 1892",https://www.flickr.com/photos/britishlibrary/11219115955/in/album-72157639959761466,"book-cover,1890s,crewe-manchester"
Thrilling Life Stories for the Masses,https://live.staticflickr.com/5543/11219083303_a78e211b5a_b.jpg,"Thrilling Stories' Committee, Crewe ; Manchester, 1892",https://www.flickr.com/photos/britishlibrary/11219083303/in/album-72157639959761466,"book-cover,1890s,crewe-manchester"
Thrilling Life Stories for the Masses,https://live.staticflickr.com/3745/11218683676_554228093b_b.jpg,"Thrilling Stories' Committee, Crewe ; Manchester, 1892",https://www.flickr.com/photos/britishlibrary/11218683676/in/album-72157639959761466,"book-cover,1890s,crewe-manchester"
Thrilling Life Stories for the Masses,https://live.staticflickr.com/3670/11215699944_8e2fa3aa92_b.jpg,"Thrilling Stories' Committee, Crewe ; Manchester, 1892",https://www.flickr.com/photos/britishlibrary/11215699944/in/album-72157639959761466,"book-cover,1890s,crewe-manchester"
"Ethic Amusements by Mr. Bellamy. Revised by his son, D. Bellamy. L.P",https://live.staticflickr.com/5538/10997630854_1e0d1a7906_b.jpg,"Bellamy, Daniel, the Younger, London (England), 1768",https://www.flickr.com/photos/britishlibrary/10997630854/in/album-72157639959761466,"book-cover,1760s,london-england"
Deutsche National-Bibliothek. Volksthümliche Bilder und Erzählungen aus Deutschlands Vergangenheit und Gegenwart. Herausgegeben von F. Schmidt. Bd. 1-12,https://live.staticflickr.com/3770/11065565016_268befe0f8_b.jpg,"Schmidt, Ferdinand, jugendschriftsteller, Berlin, 1864",https://www.flickr.com/photos/britishlibrary/11065565016/in/album-72157639959761466,"book-cover,1860s,berlin"
"John Cassell's Illustrated History of England. The text, to the Reign of Edward I, by J. F. Smith; and from that period by W. Howitt",https://live.staticflickr.com/5514/11047750805_f2eb624e9d_b.jpg,"Smith, J. F. (John Frederick), 1806-1890, London (England), 1856",https://www.flickr.com/photos/britishlibrary/11047750805/in/album-72157639959761466,"book-cover,1850s,london-england"
Thrilling Life Stories for the Masses,https://live.staticflickr.com/7310/11215999665_399b175307_b.jpg,"Thrilling Stories' Committee, Crewe ; Manchester, 1892",https://www.flickr.com/photos/britishlibrary/11215999665/in/album-72157639959761466,"book-cover,1890s,crewe-manchester"
Memorie istoriche della città di Offida nella Marca d'Ancona,https://live.staticflickr.com/7374/11022619195_e453458743_b.jpg,"Arduini, Carlo, Fermo, 1844",https://www.flickr.com/photos/britishlibrary/11022619195/in/album-72157639959761466,"book-cover,1840s,fermo"
"Frankfurter Annalen, vom Jahr 793 bis zum Jahr 1300. Aus Quellenschriftstellern und Urkunden [By J. G. C. Thomas.]",https://live.staticflickr.com/5513/11016941124_f4a416c9c5_b.jpg,"Thomas, Johann Gerhard Christian, Frankfort on the Main, 1839",https://www.flickr.com/photos/britishlibrary/11016941124/in/album-72157639959761466,"book-cover,1830s,frankfort-on-the-main"
"Ned Kelly, the ironclad Australian Bushranger. By J. S. Borlase",https://live.staticflickr.com/5545/11188747433_99acae50b5_b.jpg,"Borlase, James Skipp, General Publishing, London (England), 1887",https://www.flickr.com/photos/britishlibrary/11188747433/in/album-72157639959761466,"book-cover,1880s,london-england"
"The British Colonies; their history, extent, condition, and resources",https://live.staticflickr.com/5501/11037045034_af77a3eb6b_b.jpg,"Martin, Robert Montgomery, approximately 1803-1868, London ; New York (England ; United States of America), 1851",https://www.flickr.com/photos/britishlibrary/11037045034/in/album-72157639959761466,"book-cover,1850s,london-new-york-england-united-states-of-america"
"The Water of Leith, Source to Sea. With illustrations by Joseph Brown",https://live.staticflickr.com/3724/11234895076_850a36458f_b.jpg,"Brown, Joseph, artist, W. H. White, Edinburgh (Scotland), 1896",https://www.flickr.com/photos/britishlibrary/11234895076/in/album-72157639959761466,"book-cover,1890s,edinburgh-scotland"
Ghost stories and phantom fancies,https://live.staticflickr.com/7434/11055669503_23e18f51a5_b.jpg,"Friswell, J. Hain (James Hain), 1825-1878, London (England), 1858",https://www.flickr.com/photos/britishlibrary/11055669503/in/album-72157639959761466,"book-cover,1850s,london-england"
Half Hours of English History selected and illustrated by C. K,https://live.staticflickr.com/5471/11035554635_1f5936e906_b.jpg,"Knight, Charles, 1791-1873, London (England), 1851",https://www.flickr.com/photos/britishlibrary/11035554635/in/album-72157639959761466,"book-cover,1850s,london-england"
Nos nouvelles colonies. Le Congo,https://live.staticflickr.com/7326/11205730554_b8ae50ab7f_b.jpg,"Ratoin, Emmanuel, Tours, 1890",https://www.flickr.com/photos/britishlibrary/11205730554/in/album-72157639959761466,"book-cover,1890s,tours"
"The History of Progress in Great Britain ... With ... illustrations by William Newman, etc",https://live.staticflickr.com/3725/11056046483_e51485e6a5_b.jpg,"Philp, Robert Kemp, London (England), 1858",https://www.flickr.com/photos/britishlibrary/11056046483/in/album-72157639959761466,"book-cover,1850s,london-england"
A Plunge into Space,https://live.staticflickr.com/3735/11204096863_09a0e93a9a_b.jpg,"Cromie, Robert, 1909-1999, Frederick Warne, London ; New York (England ; United States of America), 1890",https://www.flickr.com/photos/britishlibrary/11204096863/in/album-72157639959761466,"book-cover,1890s,london-new-york-england-united-states-of-america"
"British Library digitised image from page 245 of ""Italy, illustrated and described, in a series of views from drawings by Stanfield, R.A, Roberts, R.A, Harding, Prout, Leitch, Brockedon, Barnard, &c. &c. With descriptions of the scenes. And an introductor",https://live.staticflickr.com/7374/11068054756_7a1f74b4de_b.jpg,"Brockedon, William, Blackie, London (England), 1864",https://www.flickr.com/photos/britishlibrary/11068054756/in/album-72157639959761466,"book-cover,1860s,london-england"
"The British Colonies; their history, extent, condition, and resources",https://live.staticflickr.com/5495/11035781766_61524cd5ff_b.jpg,"Martin, Robert Montgomery, approximately 1803-1868, London ; New York (England ; United States of America), 1851",https://www.flickr.com/photos/britishlibrary/11035781766/in/album-72157639959761466,"book-cover,1850s,london-new-york-england-united-states-of-america"
The Earth and its Inhabitants. The European section of the Universal Geography by E. Reclus. Edited by E. G. Ravenstein. Illustrated by ... engravings and maps,https://live.staticflickr.com/3767/11123984816_217f4f002d_b.jpg,"Reclus, Elisée, 1830-1905, London (England), 1878",https://www.flickr.com/photos/britishlibrary/11123984816/in/album-72157639959761466,"book-cover,1870s,london-england"
Thrilling Life Stories for the Masses,https://live.staticflickr.com/3803/11219769155_e616daa9cb_b.jpg,"Thrilling Stories' Committee, Crewe ; Manchester, 1892",https://www.flickr.com/photos/britishlibrary/11219769155/in/album-72157639959761466,"book-cover,1890s,crewe-manchester"
Thrilling Life Stories for the Masses,https://live.staticflickr.com/7386/11218154053_8b7af67e0c_b.jpg,"Thrilling Stories' Committee, Crewe ; Manchester, 1892",https://www.flickr.com/photos/britishlibrary/11218154053/in/album-72157639959761466,"book-cover,1890s,crewe-manchester"
"Ned Kelly, the ironclad Australian Bushranger. By J. S. Borlase",https://live.staticflickr.com/5529/11187953134_4823f1fddf_b.jpg,"Borlase, James Skipp, General Publishing, London (England), 1887",https://www.flickr.com/photos/britishlibrary/11187953134/in/album-72157639959761466,"book-cover,1880s,london-england"
"Ned Kelly, the ironclad Australian Bushranger. By J. S. Borlase",https://live.staticflickr.com/7381/11189208604_40947011d5_b.jpg,"Borlase, James Skipp, General Publishing, London (England), 1887",https://www.flickr.com/photos/britishlibrary/11189208604/in/album-72157639959761466,"book-cover,1880s,london-england"
Thrilling Life Stories for the Masses,https://live.staticflickr.com/7452/11219760455_8b6f3d14b1_b.jpg,"Thrilling Stories' Committee, Crewe ; Manchester, 1892",https://www.flickr.com/photos/britishlibrary/11219760455/in/album-72157639959761466,"book-cover,1890s,crewe-manchester"
Thrilling Life Stories for the Masses,https://live.staticflickr.com/7426/11216395384_8c0573e97a_b.jpg,"Thrilling Stories' Committee, Crewe ; Manchester, 1892",https://www.flickr.com/photos/britishlibrary/11216395384/in/album-72157639959761466,"book-cover,1890s,crewe-manchester"
Thrilling Life Stories for the Masses,https://live.staticflickr.com/2889/11215280264_d736ffa6f7_b.jpg,"Thrilling Stories' Committee, Crewe ; Manchester, 1892",https://www.flickr.com/photos/britishlibrary/11215280264/in/album-72157639959761466,"book-cover,1890s,crewe-manchester"
"Lives of Eminent and Illustrious Englishmen, from Alfred the Great to the latest times. On an original plan. Edited by G. G. Cunningham. Illustrated by a series of ... portraits, etc",https://live.staticflickr.com/5474/11064614745_5d40281119_b.jpg,"Cunningham, George Godfrey, A. Fullarton Edition: Another edition, The English Nation, or a History of England in the lives of Englishmen, etc, Edinburgh ; London (England ; Scotland), 1863",https://www.flickr.com/photos/britishlibrary/11064614745/in/album-72157639959761466,"book-cover,1860s,edinburgh-london-england-scotland"
"The British Colonies; their history, extent, condition, and resources",https://live.staticflickr.com/3737/11037494423_14e1eb6f68_b.jpg,"Martin, Robert Montgomery, approximately 1803-1868, London ; New York (England ; United States of America), 1851",https://www.flickr.com/photos/britishlibrary/11037494423/in/album-72157639959761466,"book-cover,1850s,london-new-york-england-united-states-of-america"
"Ned Kelly, the ironclad Australian Bushranger. By J. S. Borlase",https://live.staticflickr.com/5534/11190329435_07ecc62c22_b.jpg,"Borlase, James Skipp, General Publishing, London (England), 1887",https://www.flickr.com/photos/britishlibrary/11190329435/in/album-72157639959761466,"book-cover,1880s,london-england"
The Aldine 'O'er Land and Sea.' Library,https://live.staticflickr.com/7291/11204293966_23d2c14144_b.jpg,"Aldine Publishing, London (England), 1890",https://www.flickr.com/photos/britishlibrary/11204293966/in/album-72157639959761466,"book-cover,1890s,london-england"
"The British Colonies; their history, extent, condition, and resources",https://live.staticflickr.com/5507/11037406416_e7c051266a_b.jpg,"Martin, Robert Montgomery, approximately 1803-1868, London ; New York (England ; United States of America), 1851",https://www.flickr.com/photos/britishlibrary/11037406416/in/album-72157639959761466,"book-cover,1850s,london-new-york-england-united-states-of-america"
"The British Colonies; their history, extent, condition, and resources",https://live.staticflickr.com/3738/11036396136_4bdf0ea843_b.jpg,"Martin, Robert Montgomery, approximately 1803-1868, London ; New York (England ; United States of America), 1851",https://www.flickr.com/photos/britishlibrary/11036396136/in/album-72157639959761466,"book-cover,1850s,london-new-york-england-united-states-of-america"
The Aldine 'O'er Land and Sea.' Library,https://live.staticflickr.com/3738/11207008583_e03efd0458_b.jpg,"Aldine Publishing, London (England), 1890",https://www.flickr.com/photos/britishlibrary/11207008583/in/album-72157639959761466,"book-cover,1890s,london-england"
The Aldine 'O'er Land and Sea.' Library,https://live.staticflickr.com/2849/11204037166_caee09a9d3_b.jpg,"Aldine Publishing, London (England), 1890",https://www.flickr.com/photos/britishlibrary/11204037166/in/album-72157639959761466,"book-cover,1890s,london-england"
The Aldine 'O'er Land and Sea.' Library,https://live.staticflickr.com/7371/11203904043_91931b9b33_b.jpg,"Aldine Publishing, London (England), 1890",https://www.flickr.com/photos/britishlibrary/11203904043/in/album-72157639959761466,"book-cover,1890s,london-england"
The Aldine 'O'er Land and Sea.' Library,https://live.staticflickr.com/7355/11203874045_e1162ddd82_b.jpg,"Aldine Publishing, London (England), 1890",https://www.flickr.com/photos/britishlibrary/11203874045/in/album-72157639959761466,"book-cover,1890s,london-england"
The Aldine 'O'er Land and Sea.' Library,https://live.staticflickr.com/5508/11203383856_ccf2d6aa1d_b.jpg,"Aldine Publishing, London (England), 1890",https://www.flickr.com/photos/britishlibrary/11203383856/in/album-72157639959761466,"book-cover,1890s,london-england"
The Aldine 'O'er Land and Sea.' Library,https://live.staticflickr.com/3757/11202608983_6bcf0baf2c_b.jpg,"Aldine Publishing, London (England), 1890",https://www.flickr.com/photos/britishlibrary/11202608983/in/album-72157639959761466,"book-cover,1890s,london-england"
"A Cyclopædia of Geography, descriptive and physical, forming a new general gazetteer of the world and dictionary of pronunciation, etc",https://live.staticflickr.com/3784/11064028245_f0eebbb115_b.jpg,"Bryce, James, f.g.s, C. Griffin Edition: Another edition, The Family Gazetteer, and Atlas of the World, The atlas by W. and A. K. Johnston. Third edition, thoroughly revised, London (England), 1862",https://www.flickr.com/photos/britishlibrary/11064028245/in/album-72157639959761466,"book-cover,1860s,london-england"
"The British Colonies; their history, extent, condition, and resources",https://live.staticflickr.com/5482/11035784926_a821ac8ecd_b.jpg,"Martin, Robert Montgomery, approximately 1803-1868, London ; New York (England ; United States of America), 1851",https://www.flickr.com/photos/britishlibrary/11035784926/in/album-72157639959761466,"book-cover,1850s,london-new-york-england-united-states-of-america"
"The History of Progress in Great Britain ... With ... illustrations by William Newman, etc",https://live.staticflickr.com/2857/11055794283_6ef9aaf8af_b.jpg,"Philp, Robert Kemp, London (England), 1858",https://www.flickr.com/photos/britishlibrary/11055794283/in/album-72157639959761466,"book-cover,1850s,london-england"
"Ned Kelly, the ironclad Australian Bushranger. By J. S. Borlase",https://live.staticflickr.com/3780/11191254665_bffa6fe49d_b.jpg,"Borlase, James Skipp, General Publishing, London (England), 1887",https://www.flickr.com/photos/britishlibrary/11191254665/in/album-72157639959761466,"book-cover,1880s,london-england"
Title,https://live.staticflickr.com/5517/11030597116_1c454a0526_b.jpg,"Publisher Edition: Edition, Place of publication (Country of publication)",https://www.flickr.com/photos/britishlibrary/11030597116/in/album-72157639959761466,"book-cover,place-of-publication-country-of-publication"
"British Library digitised image from page 287 of ""Le Monde, histoire de tous les peuples depuis les temps les plus reculés jusqu'à nos jours, par MM. Saint Prosper, de Saurigny, Duponchel, le baron Korff, Belloc et l'abbé Martin, revue et continuée par M.",https://live.staticflickr.com/3691/11055255824_a35d137a65_b.jpg,"Duponchel, Augustin Amédée, Paris, 1858",https://www.flickr.com/photos/britishlibrary/11055255824/in/album-72157639959761466,"book-cover,1850s,paris"
Thrilling Life Stories for the Masses,https://live.staticflickr.com/3764/11219416335_9b9c1c680a_b.jpg,"Thrilling Stories' Committee, Crewe ; Manchester, 1892",https://www.flickr.com/photos/britishlibrary/11219416335/in/album-72157639959761466,"book-cover,1890s,crewe-manchester"
"Lives of Eminent and Illustrious Englishmen, from Alfred the Great to the latest times. On an original plan. Edited by G. G. Cunningham. Illustrated by a series of ... portraits, etc",https://live.staticflickr.com/2877/11065037996_dc7a7c3143_b.jpg,"Cunningham, George Godfrey, A. Fullarton Edition: Another edition, The English Nation, or a History of England in the lives of Englishmen, etc, Edinburgh ; London (England ; Scotland), 1863",https://www.flickr.com/photos/britishlibrary/11065037996/in/album-72157639959761466,"book-cover,1860s,edinburgh-london-england-scotland"
Mervyn Clitheroe ... Illustrated by Hablot K. Browne,https://live.staticflickr.com/2887/11054712926_0ffdafb326_b.jpg,"Browne, Hablot Knight, 1815-1882, G. Routledge, London (England), 1858",https://www.flickr.com/photos/britishlibrary/11054712926/in/album-72157639959761466,"book-cover,1850s,london-england"
"The National and Domestic History of England ... With numerous steel plates, coloured pictures, etc",https://live.staticflickr.com/7392/11075719144_b886158c25_b.jpg,"Aubrey, William Hickman Smith, James Hagger, London (England), 1867",https://www.flickr.com/photos/britishlibrary/11075719144/in/album-72157639959761466,"book-cover,1860s,london-england"
"Ned Kelly, the ironclad Australian Bushranger. By J. S. Borlase",https://live.staticflickr.com/2827/11186906935_925b9a3b77_b.jpg,"Borlase, James Skipp, General Publishing, London (England), 1887",https://www.flickr.com/photos/britishlibrary/11186906935/in/album-72157639959761466,"book-cover,1880s,london-england"
Confessions of a Thug ... Second edition,https://live.staticflickr.com/5487/11055428646_b7651fb9df_b.jpg,"Taylor, Meadows, 1808-1876, London (England), 1858",https://www.flickr.com/photos/britishlibrary/11055428646/in/album-72157639959761466,"book-cover,1850s,london-england"
"John Cassell's Illustrated History of England. The text, to the Reign of Edward I, by J. F. Smith; and from that period by W. Howitt",https://live.staticflickr.com/7409/11050245963_1b3ec2fae4_b.jpg,"Smith, J. F. (John Frederick), 1806-1890, London (England), 1856",https://www.flickr.com/photos/britishlibrary/11050245963/in/album-72157639959761466,"book-cover,1850s,london-england"
The Virginians; a tale of the last century ... With illustrations ... by the author,https://live.staticflickr.com/5476/11054108295_d7d222ccd2_b.jpg,"Thackeray, William Makepeace, 1811-1863, Bradbury & Evans, London (England), 1858",https://www.flickr.com/photos/britishlibrary/11054108295/in/album-72157639959761466,"book-cover,1850s,london-england"
Thrilling Life Stories for the Masses,https://live.staticflickr.com/3765/11215170784_da9201c150_b.jpg,"Thrilling Stories' Committee, Crewe ; Manchester, 1892",https://www.flickr.com/photos/britishlibrary/11215170784/in/album-72157639959761466,"book-cover,1890s,crewe-manchester"
Ons voorgeslacht in zijn dagelyksch leven geschilderd,https://live.staticflickr.com/3773/11057968413_e382499dcc_b.jpg,"Hofdijk, Willem Jacobs, Haarlem, 1859",https://www.flickr.com/photos/britishlibrary/11057968413/in/album-72157639959761466,"book-cover,1850s,haarlem"
"Pictures of Travel, Sport, and Adventure [With illustrations.]",https://live.staticflickr.com/5538/11160481496_0bcacb05fd_b.jpg,"Lacy, George, Political Economist, C. A. Pearson, London (England), 1899",https://www.flickr.com/photos/britishlibrary/11160481496/in/album-72157639959761466,"book-cover,1890s,london-england"
"British Library digitised image from page 307 of ""Italy, illustrated and described, in a series of views from drawings by Stanfield, R.A, Roberts, R.A, Harding, Prout, Leitch, Brockedon, Barnard, &c. &c. With descriptions of the scenes. And an introductor",https://live.staticflickr.com/3672/11067793453_0346fe42e7_b.jpg,"Brockedon, William, Blackie, London (England), 1864",https://www.flickr.com/photos/britishlibrary/11067793453/in/album-72157639959761466,"book-cover,1860s,london-england"
Thrilling Life Stories for the Masses,https://live.staticflickr.com/5495/11218891625_0994d671b9_b.jpg,"Thrilling Stories' Committee, Crewe ; Manchester, 1892",https://www.flickr.com/photos/britishlibrary/11218891625/in/album-72157639959761466,"book-cover,1890s,crewe-manchester"
"Ned Kelly, the ironclad Australian Bushranger. By J. S. Borlase",https://live.staticflickr.com/3712/11190369555_e21285721e_b.jpg,"Borlase, James Skipp, General Publishing, London (England), 1887",https://www.flickr.com/photos/britishlibrary/11190369555/in/album-72157639959761466,"book-cover,1880s,london-england"
Thrilling Life Stories for the Masses,https://live.staticflickr.com/3762/11219518504_39d143e636_b.jpg,"Thrilling Stories' Committee, Crewe ; Manchester, 1892",https://www.flickr.com/photos/britishlibrary/11219518504/in/album-72157639959761466,"book-cover,1890s,crewe-manchester"
Yankees et Canadiens. Impressions de voyage en Amérique,https://live.staticflickr.com/3828/11250944266_a2067428d6_b.jpg,"Lacroix, L., abbé, Tours, 1899",https://www.flickr.com/photos/britishlibrary/11250944266/in/album-72157639959761466,"book-cover,1890s,tours"
"British Library digitised image from page 315 of ""History of the United States of America: ... to the present time [Drawn from Hinton's History, Holmes' 'Annals,' etc.] By T. P. Shaffner [assisted by C. Ball? and others] . Illustrated with steel engraving",https://live.staticflickr.com/5503/11064804343_0dfb411fe0_b.jpg,"Ball, Charles, esq, London ; New York (England ; United States of America), 1863",https://www.flickr.com/photos/britishlibrary/11064804343/in/album-72157639959761466,"book-cover,1860s,london-new-york-england-united-states-of-america"
"British Library digitised image from page 315 of ""Le Monde, histoire de tous les peuples depuis les temps les plus reculés jusqu'à nos jours, par MM. Saint Prosper, de Saurigny, Duponchel, le baron Korff, Belloc et l'abbé Martin, revue et continuée par M.",https://live.staticflickr.com/2821/11055533074_b5aaae19a3_b.jpg,"Duponchel, Augustin Amédée, Paris, 1858",https://www.flickr.com/photos/britishlibrary/11055533074/in/album-72157639959761466,"book-cover,1850s,paris"
The Complete Guide to Clevedon and its vicinity ... with notes on the natural history of the neighbourhood. By R. S. S. Illustrated,https://live.staticflickr.com/3666/11077787773_351d3a72df_b.jpg,"S, R. S., Clevedon, 1879",https://www.flickr.com/photos/britishlibrary/11077787773/in/album-72157639959761466,"book-cover,1870s,clevedon"
"British Library digitised image from page 318 of ""A New Gazetteer of the Eastern Continent; or a Geographical Dictionary: containing ... a description of all the countries, kingdoms, states ... &c. in Europe, Asia, Africa, and their adjacent Islands ... I",https://live.staticflickr.com/5494/10998976324_e774b60ba5_b.jpg,"Morse, Jedidiah, 1761-1826, Charlestown (United States of America), 1802",https://www.flickr.com/photos/britishlibrary/10998976324/in/album-72157639959761466,"book-cover,1800s,charlestown-united-states-of-america"
"Ned Kelly, the ironclad Australian Bushranger. By J. S. Borlase",https://live.staticflickr.com/5480/11187795426_235705a7e6_b.jpg,"Borlase, James Skipp, General Publishing, London (England), 1887",https://www.flickr.com/photos/britishlibrary/11187795426/in/album-72157639959761466,"book-cover,1880s,london-england"
"Ons Vaderland. Historisch-romanische schetsen uit de vaderlandsche geschiedenis van de vroegste tyden tot op heden, door G. E. G. met medewerking van eenige vaderlandsche geleerden en letterkundigen",https://live.staticflickr.com/3740/11235496335_691258ef80_b.jpg,"Gerrits, Gerrit Engelberts, Amsterdam, 1856",https://www.flickr.com/photos/britishlibrary/11235496335/in/album-72157639959761466,"book-cover,1850s,amsterdam"
"Ons Vaderland. Historisch-romanische schetsen uit de vaderlandsche geschiedenis van de vroegste tyden tot op heden, door G. E. G. met medewerking van eenige vaderlandsche geleerden en letterkundigen",https://live.staticflickr.com/2834/11049246425_7db8a5669d_b.jpg,"Gerrits, Gerrit Engelberts, Amsterdam, 1856",https://www.flickr.com/photos/britishlibrary/11049246425/in/album-72157639959761466,"book-cover,1850s,amsterdam"
Thrilling Life Stories for the Masses,https://live.staticflickr.com/2820/11216918166_7b4b2920c1_b.jpg,"Thrilling Stories' Committee, Crewe ; Manchester, 1892",https://www.flickr.com/photos/britishlibrary/11216918166/in/album-72157639959761466,"book-cover,1890s,crewe-manchester"
"Ons Vaderland. Historisch-romanische schetsen uit de vaderlandsche geschiedenis van de vroegste tyden tot op heden, door G. E. G. met medewerking van eenige vaderlandsche geleerden en letterkundigen",https://live.staticflickr.com/5501/11050753295_c19728ef39_b.jpg,"Gerrits, Gerrit Engelberts, Amsterdam, 1856",https://www.flickr.com/photos/britishlibrary/11050753295/in/album-72157639959761466,"book-cover,1850s,amsterdam"
"Lives of Eminent and Illustrious Englishmen, from Alfred the Great to the latest times. On an original plan. Edited by G. G. Cunningham. Illustrated by a series of ... portraits, etc",https://live.staticflickr.com/3762/11065188734_92a0345d48_b.jpg,"Cunningham, George Godfrey, A. Fullarton Edition: Another edition, The English Nation, or a History of England in the lives of Englishmen, etc, Edinburgh ; London (England ; Scotland), 1863",https://www.flickr.com/photos/britishlibrary/11065188734/in/album-72157639959761466,"book-cover,1860s,edinburgh-london-england-scotland"
Thrilling Life Stories for the Masses,https://live.staticflickr.com/3681/11215988205_922d232d64_b.jpg,"Thrilling Stories' Committee, Crewe ; Manchester, 1892",https://www.flickr.com/photos/britishlibrary/11215988205/in/album-72157639959761466,"book-cover,1890s,crewe-manchester"
"British Library digitised image from page 331 of ""A New Gazetteer of the Eastern Continent; or a Geographical Dictionary: containing ... a description of all the countries, kingdoms, states ... &c. in Europe, Asia, Africa, and their adjacent Islands ... I",https://live.staticflickr.com/7329/10998988025_25986148f6_b.jpg,"Morse, Jedidiah, 1761-1826, Charlestown (United States of America), 1802",https://www.flickr.com/photos/britishlibrary/10998988025/in/album-72157639959761466,"book-cover,1800s,charlestown-united-states-of-america"
"Das Haus Wittelsbach. Bayern's Geschichte ... mit zwölf Original-Stahlstichen ... gezeichnet von P. C. Geissler, gestochen von C. Mayer",https://live.staticflickr.com/5498/11027237955_baa8f25a15_b.jpg,"Wolf, Max, Nürnberg, 1847",https://www.flickr.com/photos/britishlibrary/11027237955/in/album-72157639959761466,"book-cover,1840s,nürnberg"
"Ned Kelly, the ironclad Australian Bushranger. By J. S. Borlase",https://live.staticflickr.com/7373/11189328775_68352838ba_b.jpg,"Borlase, James Skipp, General Publishing, London (England), 1887",https://www.flickr.com/photos/britishlibrary/11189328775/in/album-72157639959761466,"book-cover,1880s,london-england"
"Doctor Nikola, etc",https://live.staticflickr.com/3717/11142636685_372fbc7c19_b.jpg,"Wood, Stanley L., 1866-1928, Ward, Lock, London (England), 1896",https://www.flickr.com/photos/britishlibrary/11142636685/in/album-72157639959761466,"book-cover,1890s,london-england"
The Story of Africa and its Explorers [With plates and maps.],https://live.staticflickr.com/2857/11235539613_597383b50a_b.jpg,"Brown, Robert, M.A., Ph.D., London (England), 1896",https://www.flickr.com/photos/britishlibrary/11235539613/in/album-72157639959761466,"book-cover,1890s,london-england"
Ons voorgeslacht in zijn dagelyksch leven geschilderd,https://live.staticflickr.com/3764/11058319366_7063405b74_b.jpg,"Hofdijk, Willem Jacobs, Haarlem, 1859",https://www.flickr.com/photos/britishlibrary/11058319366/in/album-72157639959761466,"book-cover,1850s,haarlem"
Magyar Régiségek,https://live.staticflickr.com/5537/11015673585_6c45631e6a_b.jpg,"Kiss, Balint, Pesten, 1839",https://www.flickr.com/photos/britishlibrary/11015673585/in/album-72157639959761466,"book-cover,1830s,pesten"
"British Library digitised image from page 341 of ""Elberfeld und Barmen. Beschreibung und Geschichte dieser Doppelstadt des Wupperthals, nebst besonderer Darstellung ihrer Industrie, einem Ueberblick der Bergischen Landesgeschichte ... In Verbindung mit de",https://live.staticflickr.com/2880/11065145515_b6209460cd_b.jpg,"Poels, Carl, Barmen, Elberfeld, 1863",https://www.flickr.com/photos/britishlibrary/11065145515/in/album-72157639959761466,"book-cover,1860s,barmen-elberfeld"
The Story of Africa and its Explorers [With plates and maps.],https://live.staticflickr.com/3801/11234511125_c633e8a2ce_b.jpg,"Brown, Robert, M.A., Ph.D., London (England), 1896",https://www.flickr.com/photos/britishlibrary/11234511125/in/album-72157639959761466,"book-cover,1890s,london-england"
The Virginians; a tale of the last century ... With illustrations ... by the author,https://live.staticflickr.com/3828/11056059913_7715a1e928_b.jpg,"Thackeray, William Makepeace, 1811-1863, Bradbury & Evans, London (England), 1858",https://www.flickr.com/photos/britishlibrary/11056059913/in/album-72157639959761466,"book-cover,1850s,london-england"
"Rays of Genius, collected to enlighten the rising generation. By T. Tomkins",https://live.staticflickr.com/2851/11000247035_e747673fd7_b.jpg,"Tomkins, Thomas, 1743-1816, London (England), 1806",https://www.flickr.com/photos/britishlibrary/11000247035/in/album-72157639959761466,"book-cover,1800s,london-england"
The Aldine 'O'er Land and Sea.' Library,https://live.staticflickr.com/7370/11202581174_5986091880_b.jpg,"Aldine Publishing, London (England), 1890",https://www.flickr.com/photos/britishlibrary/11202581174/in/album-72157639959761466,"book-cover,1890s,london-england"
"Ned Kelly, the ironclad Australian Bushranger. By J. S. Borlase",https://live.staticflickr.com/5522/11189646664_a818e59e3a_b.jpg,"Borlase, James Skipp, General Publishing, London (England), 1887",https://www.flickr.com/photos/britishlibrary/11189646664/in/album-72157639959761466,"book-cover,1880s,london-england"
The Aldine 'O'er Land and Sea.' Library,https://live.staticflickr.com/2844/11206742303_27f1887d08_b.jpg,"Aldine Publishing, London (England), 1890",https://www.flickr.com/photos/britishlibrary/11206742303/in/album-72157639959761466,"book-cover,1890s,london-england"
The Aldine 'O'er Land and Sea.' Library,https://live.staticflickr.com/3775/11205892794_77042e7b7c_b.jpg,"Aldine Publishing, London (England), 1890",https://www.flickr.com/photos/britishlibrary/11205892794/in/album-72157639959761466,"book-cover,1890s,london-england"
The Aldine 'O'er Land and Sea.' Library,https://live.staticflickr.com/2819/11204829464_5bcb15cb5d_b.jpg,"Aldine Publishing, London (England), 1890",https://www.flickr.com/photos/britishlibrary/11204829464/in/album-72157639959761466,"book-cover,1890s,london-england"
The Aldine 'O'er Land and Sea.' Library,https://live.staticflickr.com/7352/11202460126_6528de2853_b.jpg,"Aldine Publishing, London (England), 1890",https://www.flickr.com/photos/britishlibrary/11202460126/in/album-72157639959761466,"book-cover,1890s,london-england"
Thrilling Life Stories for the Masses,https://live.staticflickr.com/3784/11216531384_ce2e1655f5_b.jpg,"Thrilling Stories' Committee, Crewe ; Manchester, 1892",https://www.flickr.com/photos/britishlibrary/11216531384/in/album-72157639959761466,"book-cover,1890s,crewe-manchester"
"Lives of Eminent and Illustrious Englishmen, from Alfred the Great to the latest times. On an original plan. Edited by G. G. Cunningham. Illustrated by a series of ... portraits, etc",https://live.staticflickr.com/2847/11064324515_a0f80b0b71_b.jpg,"Cunningham, George Godfrey, A. Fullarton Edition: Another edition, The English Nation, or a History of England in the lives of Englishmen, etc, Edinburgh ; London (England ; Scotland), 1863",https://www.flickr.com/photos/britishlibrary/11064324515/in/album-72157639959761466,"book-cover,1860s,edinburgh-london-england-scotland"
Thrilling Life Stories for the Masses,https://live.staticflickr.com/5540/11219537926_657884cf45_b.jpg,"Thrilling Stories' Committee, Crewe ; Manchester, 1892",https://www.flickr.com/photos/britishlibrary/11219537926/in/album-72157639959761466,"book-cover,1890s,crewe-manchester"
Thrilling Life Stories for the Masses,https://live.staticflickr.com/2881/11216098624_8549d24862_b.jpg,"Thrilling Stories' Committee, Crewe ; Manchester, 1892",https://www.flickr.com/photos/britishlibrary/11216098624/in/album-72157639959761466,"book-cover,1890s,crewe-manchester"
Thrilling Life Stories for the Masses,https://live.staticflickr.com/3687/11217240436_8ddc2693d6_b.jpg,"Thrilling Stories' Committee, Crewe ; Manchester, 1892",https://www.flickr.com/photos/britishlibrary/11217240436/in/album-72157639959761466,"book-cover,1890s,crewe-manchester"
Thrilling Life Stories for the Masses,https://live.staticflickr.com/7359/11215929433_f218526e94_b.jpg,"Thrilling Stories' Committee, Crewe ; Manchester, 1892",https://www.flickr.com/photos/britishlibrary/11215929433/in/album-72157639959761466,"book-cover,1890s,crewe-manchester"
Was man von der Erde weiss. Ein Lehrbuch zur Selbstbelehrung für die Gebildeten aller Stände,https://live.staticflickr.com/3827/11050204116_ff33de3937_b.jpg,"Berghaus, Heinrich Carl Wilhelm, Berlin, 1856",https://www.flickr.com/photos/britishlibrary/11050204116/in/album-72157639959761466,"book-cover,1850s,berlin"
"Our own country. Descriptive, historical, pictorial",https://live.staticflickr.com/2819/11181677244_09f62a9487_b.jpg,"Cassell Edition: Same edition, republished, London (England), 1885",https://www.flickr.com/photos/britishlibrary/11181677244/in/album-72157639959761466,"book-cover,1880s,london-england"
"Ned Kelly, the ironclad Australian Bushranger. By J. S. Borlase",https://live.staticflickr.com/2867/11189182323_e3083661d2_b.jpg,"Borlase, James Skipp, General Publishing, London (England), 1887",https://www.flickr.com/photos/britishlibrary/11189182323/in/album-72157639959761466,"book-cover,1880s,london-england"
"The Countries of the World: being a popular description of the various continents, islands, rivers, seas, and peoples of the globe [With plates.]",https://live.staticflickr.com/2866/11227860055_dc289fbdd2_b.jpg,"Brown, Robert, 1842-1895, London (England), 1894",https://www.flickr.com/photos/britishlibrary/11227860055/in/album-72157639959761466,"book-cover,1890s,london-england"
"Souvenirs de l'Insurrection Normande dite du Fédéralisme, en 1793, publiées pour la première fois, avec notes, par M. G. Mancel",https://live.staticflickr.com/2888/11054001214_4e4b7a6925_b.jpg,"Vaultier, Marie Claude Frédéric Étienne, Caen, 1858",https://www.flickr.com/photos/britishlibrary/11054001214/in/album-72157639959761466,"book-cover,1850s,caen"
Histoire de la Commune révolutionnaire,https://live.staticflickr.com/3723/11093601454_3e7b98f847_b.jpg,"Rouquette, Jules, writer, Paris, 1871",https://www.flickr.com/photos/britishlibrary/11093601454/in/album-72157639959761466,"book-cover,1870s,paris"
"British Library digitised image from page 367 of ""Italy, illustrated and described, in a series of views from drawings by Stanfield, R.A, Roberts, R.A, Harding, Prout, Leitch, Brockedon, Barnard, &c. &c. With descriptions of the scenes. And an introductor",https://live.staticflickr.com/5543/11067949604_88ff34d847_b.jpg,"Brockedon, William, Blackie, London (England), 1864",https://www.flickr.com/photos/britishlibrary/11067949604/in/album-72157639959761466,"book-cover,1860s,london-england"
"Lives of Eminent and Illustrious Englishmen, from Alfred the Great to the latest times. On an original plan. Edited by G. G. Cunningham. Illustrated by a series of ... portraits, etc",https://live.staticflickr.com/7310/11064844124_bea60a705d_b.jpg,"Cunningham, George Godfrey, A. Fullarton Edition: Another edition, The English Nation, or a History of England in the lives of Englishmen, etc, Edinburgh ; London (England ; Scotland), 1863",https://www.flickr.com/photos/britishlibrary/11064844124/in/album-72157639959761466,"book-cover,1860s,edinburgh-london-england-scotland"
The Popular History of England,https://live.staticflickr.com/7315/11047879246_989844c746_b.jpg,"Knight, Charles, 1791-1873, London (England), 1856",https://www.flickr.com/photos/britishlibrary/11047879246/in/album-72157639959761466,"book-cover,1850s,london-england"
Thrilling Life Stories for the Masses,https://live.staticflickr.com/5516/11219548404_b83c864c14_b.jpg,"Thrilling Stories' Committee, Crewe ; Manchester, 1892",https://www.flickr.com/photos/britishlibrary/11219548404/in/album-72157639959761466,"book-cover,1890s,crewe-manchester"
Thrilling Life Stories for the Masses,https://live.staticflickr.com/3789/11217919265_6db6bf9110_b.jpg,"Thrilling Stories' Committee, Crewe ; Manchester, 1892",https://www.flickr.com/photos/britishlibrary/11217919265/in/album-72157639959761466,"book-cover,1890s,crewe-manchester"
Thrilling Life Stories for the Masses,https://live.staticflickr.com/5511/11216589803_2bf35887d5_b.jpg,"Thrilling Stories' Committee, Crewe ; Manchester, 1892",https://www.flickr.com/photos/britishlibrary/11216589803/in/album-72157639959761466,"book-cover,1890s,crewe-manchester"
"Ned Kelly, the ironclad Australian Bushranger. By J. S. Borlase",https://live.staticflickr.com/7334/11187664395_f056fc0fea_b.jpg,"Borlase, James Skipp, General Publishing, London (England), 1887",https://www.flickr.com/photos/britishlibrary/11187664395/in/album-72157639959761466,"book-cover,1880s,london-england"
"The Countries of the World: being a popular description of the various continents, islands, rivers, seas, and peoples of the globe [With plates.]",https://live.staticflickr.com/5501/11230138713_59332883ef_b.jpg,"Brown, Robert, 1842-1895, London (England), 1894",https://www.flickr.com/photos/britishlibrary/11230138713/in/album-72157639959761466,"book-cover,1890s,london-england"
Mervyn Clitheroe ... Illustrated by Hablot K. Browne,https://live.staticflickr.com/5523/11054753444_57f30674f0_b.jpg,"Browne, Hablot Knight, 1815-1882, G. Routledge, London (England), 1858",https://www.flickr.com/photos/britishlibrary/11054753444/in/album-72157639959761466,"book-cover,1850s,london-england"
"British Library digitised image from page 377 of ""Le Monde, histoire de tous les peuples depuis les temps les plus reculés jusqu'à nos jours, par MM. Saint Prosper, de Saurigny, Duponchel, le baron Korff, Belloc et l'abbé Martin, revue et continuée par M.",https://live.staticflickr.com/3677/11055444744_a9264f44e6_b.jpg,"Duponchel, Augustin Amédée, Paris, 1858",https://www.flickr.com/photos/britishlibrary/11055444744/in/album-72157639959761466,"book-cover,1850s,paris"
"The Countries of the World: being a popular description of the various continents, islands, rivers, seas, and peoples of the globe [With plates.]",https://live.staticflickr.com/2856/11226999765_72d789982f_b.jpg,"Brown, Robert, 1842-1895, London (England), 1894",https://www.flickr.com/photos/britishlibrary/11226999765/in/album-72157639959761466,"book-cover,1890s,london-england"
"The Countries of the World: being a popular description of the various continents, islands, rivers, seas, and peoples of the globe [With plates.]",https://live.staticflickr.com/7345/11227454914_4de17b5b3d_b.jpg,"Brown, Robert, 1842-1895, London (England), 1894",https://www.flickr.com/photos/britishlibrary/11227454914/in/album-72157639959761466,"book-cover,1890s,london-england"
The Virginians; a tale of the last century ... With illustrations ... by the author,https://live.staticflickr.com/3701/11053945244_f0b04986c7_b.jpg,"Thackeray, William Makepeace, 1811-1863, Bradbury & Evans, London (England), 1858",https://www.flickr.com/photos/britishlibrary/11053945244/in/album-72157639959761466,"book-cover,1850s,london-england"
Half Hours of English History selected and illustrated by C. K,https://live.staticflickr.com/3799/11037030973_f4089cbb4f_b.jpg,"Knight, Charles, 1791-1873, London (England), 1851",https://www.flickr.com/photos/britishlibrary/11037030973/in/album-72157639959761466,"book-cover,1850s,london-england"
"Ned Kelly, the ironclad Australian Bushranger. By J. S. Borlase",https://live.staticflickr.com/3797/11189633116_066d3f5956_b.jpg,"Borlase, James Skipp, General Publishing, London (England), 1887",https://www.flickr.com/photos/britishlibrary/11189633116/in/album-72157639959761466,"book-cover,1880s,london-england"
The Virginians; a tale of the last century ... With illustrations ... by the author,https://live.staticflickr.com/3711/11054101394_0f85f14c18_b.jpg,"Thackeray, William Makepeace, 1811-1863, Bradbury & Evans, London (England), 1858",https://www.flickr.com/photos/britishlibrary/11054101394/in/album-72157639959761466,"book-cover,1850s,london-england"
Het Koningrijk der Nederlanden voorgesteld in eene reeks van ... schilderachtige gezigten ... en beschreven door J. L. Terwen,https://live.staticflickr.com/3827/11054618335_38482838a6_b.jpg,"Terwen, Johannes Leonardus, Gouda, 1858",https://www.flickr.com/photos/britishlibrary/11054618335/in/album-72157639959761466,"book-cover,1850s,gouda"
"The Countries of the World: being a popular description of the various continents, islands, rivers, seas, and peoples of the globe [With plates.]",https://live.staticflickr.com/3669/11228131063_f20d28da9d_b.jpg,"Brown, Robert, 1842-1895, London (England), 1894",https://www.flickr.com/photos/britishlibrary/11228131063/in/album-72157639959761466,"book-cover,1890s,london-england"
"The Countries of the World: being a popular description of the various continents, islands, rivers, seas, and peoples of the globe [With plates.]",https://live.staticflickr.com/3791/11225022735_41d0d3b4da_b.jpg,"Brown, Robert, 1842-1895, London (England), 1894",https://www.flickr.com/photos/britishlibrary/11225022735/in/album-72157639959761466,"book-cover,1890s,london-england"
Thrilling Life Stories for the Masses,https://live.staticflickr.com/5519/11218495196_a0632e8a82_b.jpg,"Thrilling Stories' Committee, Crewe ; Manchester, 1892",https://www.flickr.com/photos/britishlibrary/11218495196/in/album-72157639959761466,"book-cover,1890s,crewe-manchester"
The Martins of Cro' Martin. With illustrations by 'Phiz' [i.e. Hablot-Knight Browne.],https://live.staticflickr.com/3829/11049072733_03728f0151_b.jpg,"Lever, Charles, 1806-1872, London (England), 1856",https://www.flickr.com/photos/britishlibrary/11049072733/in/album-72157639959761466,"book-cover,1850s,london-england"
"The Royal Highlanders, or, the Black Watch in Egypt [A novel.]",https://live.staticflickr.com/3749/11179388014_fec7ea0520_b.jpg,"Grant, James, 1822-1887, G. Routledge, Guildford ; London (England), 1885",https://www.flickr.com/photos/britishlibrary/11179388014/in/album-72157639959761466,"book-cover,1880s,guildford-london-england"
Voor drie jaren naar de Oost,https://live.staticflickr.com/2884/11203161163_11f4df63a3_b.jpg,"Margadant, Willem Floris, Leiden, 1890",https://www.flickr.com/photos/britishlibrary/11203161163/in/album-72157639959761466,"book-cover,1890s,leiden"
"The Countries of the World: being a popular description of the various continents, islands, rivers, seas, and peoples of the globe [With plates.]",https://live.staticflickr.com/2853/11226134776_e0bb6e1e45_b.jpg,"Brown, Robert, 1842-1895, London (England), 1894",https://www.flickr.com/photos/britishlibrary/11226134776/in/album-72157639959761466,"book-cover,1890s,london-england"
Thrilling Life Stories for the Masses,https://live.staticflickr.com/3764/11218329526_7fe659146a_b.jpg,"Thrilling Stories' Committee, Crewe ; Manchester, 1892",https://www.flickr.com/photos/britishlibrary/11218329526/in/album-72157639959761466,"book-cover,1890s,crewe-manchester"
Thrilling Life Stories for the Masses,https://live.staticflickr.com/5500/11216852383_99f083fdb6_b.jpg,"Thrilling Stories' Committee, Crewe ; Manchester, 1892",https://www.flickr.com/photos/britishlibrary/11216852383/in/album-72157639959761466,"book-cover,1890s,crewe-manchester"
"The National Burns. Edited by Rev. George Gilfillan, including the airs of all the songs, and an original life of Burns by the editor [With plates, including portraits.]",https://live.staticflickr.com/3799/11129843455_6a0cdc7cd8_b.jpg,"Gilfillan, George, 1813-1878, William Mackenzie, Glasgow (Scotland), 1879",https://www.flickr.com/photos/britishlibrary/11129843455/in/album-72157639959761466,"book-cover,1870s,glasgow-scotland"
Thrilling Life Stories for the Masses,https://live.staticflickr.com/3741/11215679804_edaf24fddd_b.jpg,"Thrilling Stories' Committee, Crewe ; Manchester, 1892",https://www.flickr.com/photos/britishlibrary/11215679804/in/album-72157639959761466,"book-cover,1890s,crewe-manchester"
"British Library digitised image from page 393 of ""Italy, illustrated and described, in a series of views from drawings by Stanfield, R.A, Roberts, R.A, Harding, Prout, Leitch, Brockedon, Barnard, &c. &c. With descriptions of the scenes. And an introductor",https://live.staticflickr.com/2833/11068195304_449efcb953_b.jpg,"Brockedon, William, Blackie, London (England), 1864",https://www.flickr.com/photos/britishlibrary/11068195304/in/album-72157639959761466,"book-cover,1860s,london-england"
"Ned Kelly, the ironclad Australian Bushranger. By J. S. Borlase",https://live.staticflickr.com/7334/11186207573_39dd26005d_b.jpg,"Borlase, James Skipp, General Publishing, London (England), 1887",https://www.flickr.com/photos/britishlibrary/11186207573/in/album-72157639959761466,"book-cover,1880s,london-england"
"The Blue Dwarf. A novel ... Illustrated, etc",https://live.staticflickr.com/5512/11062050916_fa4d7861ef_b.jpg,"Hope, Esther, Lady, pseudonym, E. Harrison, London (England), 1861",https://www.flickr.com/photos/britishlibrary/11062050916/in/album-72157639959761466,"book-cover,1860s,london-england"
"The History of Progress in Great Britain ... With ... illustrations by William Newman, etc",https://live.staticflickr.com/5483/11056658933_a82b4a8498_b.jpg,"Philp, Robert Kemp, London (England), 1858",https://www.flickr.com/photos/britishlibrary/11056658933/in/album-72157639959761466,"book-cover,1850s,london-england"
"Lives of Eminent and Illustrious Englishmen, from Alfred the Great to the latest times. On an original plan. Edited by G. G. Cunningham. Illustrated by a series of ... portraits, etc",https://live.staticflickr.com/7340/11065519136_124d3cd20e_b.jpg,"Cunningham, George Godfrey, A. Fullarton Edition: Another edition, The English Nation, or a History of England in the lives of Englishmen, etc, Edinburgh ; London (England ; Scotland), 1863",https://www.flickr.com/photos/britishlibrary/11065519136/in/album-72157639959761466,"book-cover,1860s,edinburgh-london-england-scotland"
"Harry Coverdale's Courtship, and all that came of it. ... With illustrations by Phiz",https://live.staticflickr.com/7349/11044246396_cdae7b70ba_b.jpg,"Smedley, Francis Edward, London (England), 1854",https://www.flickr.com/photos/britishlibrary/11044246396/in/album-72157639959761466,"book-cover,1850s,london-england"
"John Cassell's Illustrated History of England. The text, to the Reign of Edward I, by J. F. Smith; and from that period by W. Howitt",https://live.staticflickr.com/5477/11047613964_2b261aa737_b.jpg,"Smith, J. F. (John Frederick), 1806-1890, London (England), 1856",https://www.flickr.com/photos/britishlibrary/11047613964/in/album-72157639959761466,"book-cover,1850s,london-england"
"The Countries of the World: being a popular description of the various continents, islands, rivers, seas, and peoples of the globe [With plates.]",https://live.staticflickr.com/5546/11229323013_c4734f436c_b.jpg,"Brown, Robert, 1842-1895, London (England), 1894",https://www.flickr.com/photos/britishlibrary/11229323013/in/album-72157639959761466,"book-cover,1890s,london-england"
"Ned Kelly, the ironclad Australian Bushranger. By J. S. Borlase",https://live.staticflickr.com/3783/11191887256_c92d9c51a4_b.jpg,"Borlase, James Skipp, General Publishing, London (England), 1887",https://www.flickr.com/photos/britishlibrary/11191887256/in/album-72157639959761466,"book-cover,1880s,london-england"
Thrilling Life Stories for the Masses,https://live.staticflickr.com/7318/11217316514_b9582513af_b.jpg,"Thrilling Stories' Committee, Crewe ; Manchester, 1892",https://www.flickr.com/photos/britishlibrary/11217316514/in/album-72157639959761466,"book-cover,1890s,crewe-manchester"
Reise im Europäischen Russland in den Jahren 1840 und 1841 [With plates.],https://live.staticflickr.com/5519/11022278306_405bd19fff_b.jpg,"Blasius, Johann Heinrich, Braunschweig, 1844",https://www.flickr.com/photos/britishlibrary/11022278306/in/album-72157639959761466,"book-cover,1840s,braunschweig"
The Aldine 'O'er Land and Sea.' Library,https://live.staticflickr.com/3726/11205865295_77c8094cd4_b.jpg,"Aldine Publishing, London (England), 1890",https://www.flickr.com/photos/britishlibrary/11205865295/in/album-72157639959761466,"book-cover,1890s,london-england"
The Aldine 'O'er Land and Sea.' Library,https://live.staticflickr.com/5550/11205421616_10677d1c7f_b.jpg,"Aldine Publishing, London (England), 1890",https://www.flickr.com/photos/britishlibrary/11205421616/in/album-72157639959761466,"book-cover,1890s,london-england"
The Aldine 'O'er Land and Sea.' Library,https://live.staticflickr.com/3700/11204272726_a5bf06b801_b.jpg,"Aldine Publishing, London (England), 1890",https://www.flickr.com/photos/britishlibrary/11204272726/in/album-72157639959761466,"book-cover,1890s,london-england"
Deutsche National-Bibliothek. Volksthümliche Bilder und Erzählungen aus Deutschlands Vergangenheit und Gegenwart. Herausgegeben von F. Schmidt. Bd. 1-12,https://live.staticflickr.com/3766/11068129976_53a8d5a4ef_b.jpg,"Schmidt, Ferdinand, jugendschriftsteller, Berlin, 1864",https://www.flickr.com/photos/britishlibrary/11068129976/in/album-72157639959761466,"book-cover,1860s,berlin"
Gleanings from Popular Authors grave and gay [In prose and verse.] Illustrated,https://live.staticflickr.com/7449/11280581015_118d1cb356_b.jpg,"Cassell, London (England), 1882",https://www.flickr.com/photos/britishlibrary/11280581015/in/album-72157639959761466,"book-cover,1880s,london-england"
"British Library digitised image from page 417 of ""History of the United States of America: ... to the present time [Drawn from Hinton's History, Holmes' 'Annals,' etc.] By T. P. Shaffner [assisted by C. Ball? and others] . Illustrated with steel engraving",https://live.staticflickr.com/3721/11065207704_9b40042858_b.jpg,"Ball, Charles, esq, London ; New York (England ; United States of America), 1863",https://www.flickr.com/photos/britishlibrary/11065207704/in/album-72157639959761466,"book-cover,1860s,london-new-york-england-united-states-of-america"
"Ned Kelly, the ironclad Australian Bushranger. By J. S. Borlase",https://live.staticflickr.com/3695/11188146425_ecee993bc1_b.jpg,"Borlase, James Skipp, General Publishing, London (England), 1887",https://www.flickr.com/photos/britishlibrary/11188146425/in/album-72157639959761466,"book-cover,1880s,london-england"
"Old and New Paris. Its history, its people, and its places ... With numerous illustrations",https://live.staticflickr.com/7407/11225255115_5633c85c26_b.jpg,"Edwards, H. Sutherland (Henry Sutherland), 1828-1906, Cassell, London (England), 1894",https://www.flickr.com/photos/britishlibrary/11225255115/in/album-72157639959761466,"book-cover,1890s,london-england"
"The British Colonies; their history, extent, condition, and resources",https://live.staticflickr.com/3753/11036566724_588f88619c_b.jpg,"Martin, Robert Montgomery, approximately 1803-1868, London ; New York (England ; United States of America), 1851",https://www.flickr.com/photos/britishlibrary/11036566724/in/album-72157639959761466,"book-cover,1850s,london-new-york-england-united-states-of-america"
Geschiedenis der Zaanlanden,https://live.staticflickr.com/7429/11030916615_3fca8baab6_b.jpg,"Honig, Jacob, Zaandijk, 1849",https://www.flickr.com/photos/britishlibrary/11030916615/in/album-72157639959761466,"book-cover,1840s,zaandijk"
Geschiedenis der Zaanlanden,https://live.staticflickr.com/7314/11029952885_d0b8339eda_b.jpg,"Honig, Jacob, Zaandijk, 1849",https://www.flickr.com/photos/britishlibrary/11029952885/in/album-72157639959761466,"book-cover,1840s,zaandijk"
Memoria historica de la villa de Santa Clara y su jurisdiccion,https://live.staticflickr.com/3691/11055206915_49e1dd3bf2_b.jpg,"Gonzalez, Manuel Dionisio, Villaclara, 1858",https://www.flickr.com/photos/britishlibrary/11055206915/in/album-72157639959761466,"book-cover,1850s,villaclara"
"The British Colonies; their history, extent, condition, and resources",https://live.staticflickr.com/3765/11036628436_bc23fcbb38_b.jpg,"Martin, Robert Montgomery, approximately 1803-1868, London ; New York (England ; United States of America), 1851",https://www.flickr.com/photos/britishlibrary/11036628436/in/album-72157639959761466,"book-cover,1850s,london-new-york-england-united-states-of-america"
"Tommy Toddles's Comic Almenak, for all't foaks e Leeds (e t' Wurld) an raand abaght (for 1862, 1863-69, 1870-74) ... Be Tommy Toddles, Eesquear",https://live.staticflickr.com/3805/11064240004_23c4d80601_b.jpg,"Toddles, Tommy, pseudonym, J. Heaton, Leeds (England), 1862",https://www.flickr.com/photos/britishlibrary/11064240004/in/album-72157639959761466,"book-cover,1860s,leeds-england"
"Dicks' English Library of Standard Works: containing ... novels and stories, etc. (Edited by P. B. St. John.) no. 1-26",https://live.staticflickr.com/3712/11168317624_dfd0cc4439_b.jpg,"Dicks, John, publisher, J. Dicks, London (England), 1884",https://www.flickr.com/photos/britishlibrary/11168317624/in/album-72157639959761466,"book-cover,1880s,london-england"
"Ned Kelly, the ironclad Australian Bushranger. By J. S. Borlase",https://live.staticflickr.com/2891/11186263784_761d5f0165_b.jpg,"Borlase, James Skipp, General Publishing, London (England), 1887",https://www.flickr.com/photos/britishlibrary/11186263784/in/album-72157639959761466,"book-cover,1880s,london-england"
"Illustrated Battles of the Nineteenth Century [By Archibald Forbes, Major Arthur Griffiths, and others.]",https://live.staticflickr.com/5477/11233724656_e8f916eff2_b.jpg,"Forbes, Archibald, correspondent, Cassell, London (England), 1895",https://www.flickr.com/photos/britishlibrary/11233724656/in/album-72157639959761466,"book-cover,1890s,london-england"
"Reize naar de Oost- en Westkust van Zuid-Amerika en van daar naar de Sandwichs- en Philippijnsche Eilanden, China enz. gedaan, in de jaren 1826, 1827, 1828, en 1829 [With plates.]",https://live.staticflickr.com/2890/11011825066_6832c66806_b.jpg,"Boelen, Jacobus, Schout-bij-Nacht Titulair, Amsterdam, 1835",https://www.flickr.com/photos/britishlibrary/11011825066/in/album-72157639959761466,"book-cover,1830s,amsterdam"
"Ons Vaderland. Historisch-romanische schetsen uit de vaderlandsche geschiedenis van de vroegste tyden tot op heden, door G. E. G. met medewerking van eenige vaderlandsche geleerden en letterkundigen",https://live.staticflickr.com/3791/11049639516_5a77d8b55a_b.jpg,"Gerrits, Gerrit Engelberts, Amsterdam, 1856",https://www.flickr.com/photos/britishlibrary/11049639516/in/album-72157639959761466,"book-cover,1850s,amsterdam"
"Ned Kelly, the ironclad Australian Bushranger. By J. S. Borlase",https://live.staticflickr.com/3711/11186690705_8c8fc0c4e7_b.jpg,"Borlase, James Skipp, General Publishing, London (England), 1887",https://www.flickr.com/photos/britishlibrary/11186690705/in/album-72157639959761466,"book-cover,1880s,london-england"
"Sylvester Sound, the Somnambulist. (Illustrated by Onwhyn.) [With a portrait of the author.]",https://live.staticflickr.com/5479/11022058496_46f9b1f090_b.jpg,"Onwhyn, Thomas, approximately 1811-1886, W. M. Clark, London (England), 1844",https://www.flickr.com/photos/britishlibrary/11022058496/in/album-72157639959761466,"book-cover,1840s,london-england"
"Beeton's Dictionary of Geography. A universal gazetteer. Illustrated by maps, etc",https://live.staticflickr.com/5514/11084598225_05ae1ccea2_b.jpg,"Beeton, Samuel Orchart, Ward, Lock, London (England), 1868",https://www.flickr.com/photos/britishlibrary/11084598225/in/album-72157639959761466,"book-cover,1860s,london-england"
Richard Cœur de Lion. An historical romance,https://live.staticflickr.com/7421/11023595695_29e12ba87b_b.jpg,"Richard, I., King of England, 1157-1199, London (England), 1845",https://www.flickr.com/photos/britishlibrary/11023595695/in/album-72157639959761466,"book-cover,1840s,london-england"
"Sylvester Sound, the Somnambulist. (Illustrated by Onwhyn.) [With a portrait of the author.]",https://live.staticflickr.com/3692/11023226213_962cc5f047_b.jpg,"Onwhyn, Thomas, approximately 1811-1886, W. M. Clark, London (England), 1844",https://www.flickr.com/photos/britishlibrary/11023226213/in/album-72157639959761466,"book-cover,1840s,london-england"
"Sylvester Sound, the Somnambulist. (Illustrated by Onwhyn.) [With a portrait of the author.]",https://live.staticflickr.com/5479/11022425536_781df098c7_b.jpg,"Onwhyn, Thomas, approximately 1811-1886, W. M. Clark, London (England), 1844",https://www.flickr.com/photos/britishlibrary/11022425536/in/album-72157639959761466,"book-cover,1840s,london-england"
The Popular History of England,https://live.staticflickr.com/2872/11048834015_7af0e55025_b.jpg,"Knight, Charles, 1791-1873, London (England), 1856",https://www.flickr.com/photos/britishlibrary/11048834015/in/album-72157639959761466,"book-cover,1850s,london-england"
"Sylvester Sound, the Somnambulist. (Illustrated by Onwhyn.) [With a portrait of the author.]",https://live.staticflickr.com/5496/11022327453_14b3fd642a_b.jpg,"Onwhyn, Thomas, approximately 1811-1886, W. M. Clark, London (England), 1844",https://www.flickr.com/photos/britishlibrary/11022327453/in/album-72157639959761466,"book-cover,1840s,london-england"
"Lives of Eminent and Illustrious Englishmen, from Alfred the Great to the latest times. On an original plan. Edited by G. G. Cunningham. Illustrated by a series of ... portraits, etc",https://live.staticflickr.com/2873/11064318324_f200a9fc2c_b.jpg,"Cunningham, George Godfrey, A. Fullarton Edition: Another edition, The English Nation, or a History of England in the lives of Englishmen, etc, Edinburgh ; London (England ; Scotland), 1863",https://www.flickr.com/photos/britishlibrary/11064318324/in/album-72157639959761466,"book-cover,1860s,edinburgh-london-england-scotland"
"Sylvester Sound, the Somnambulist. (Illustrated by Onwhyn.) [With a portrait of the author.]",https://live.staticflickr.com/5495/11023186885_f3d08776eb_b.jpg,"Onwhyn, Thomas, approximately 1811-1886, W. M. Clark, London (England), 1844",https://www.flickr.com/photos/britishlibrary/11023186885/in/album-72157639959761466,"book-cover,1840s,london-england"
"Historical Collections ... relating to the history and antiquities of every town in Massachusetts, with geographical descriptions [With illustrations.]",https://live.staticflickr.com/3758/11224020155_cd92d24518_b.jpg,"Barber, John Warner, 1798-1885, Dorr, Howland, Massachusetts ; Worcester, 1839",https://www.flickr.com/photos/britishlibrary/11224020155/in/album-72157639959761466,"book-cover,1830s,massachusetts-worcester"
"Sylvester Sound, the Somnambulist. (Illustrated by Onwhyn.) [With a portrait of the author.]",https://live.staticflickr.com/7363/11022786784_80908cc4f7_b.jpg,"Onwhyn, Thomas, approximately 1811-1886, W. M. Clark, London (England), 1844",https://www.flickr.com/photos/britishlibrary/11022786784/in/album-72157639959761466,"book-cover,1840s,london-england"
The Popular History of England,https://live.staticflickr.com/7357/11048041586_8abd8bf66f_b.jpg,"Knight, Charles, 1791-1873, London (England), 1856",https://www.flickr.com/photos/britishlibrary/11048041586/in/album-72157639959761466,"book-cover,1850s,london-england"
"Ned Kelly, the ironclad Australian Bushranger. By J. S. Borlase",https://live.staticflickr.com/7298/11187239154_f7b850b736_b.jpg,"Borlase, James Skipp, General Publishing, London (England), 1887",https://www.flickr.com/photos/britishlibrary/11187239154/in/album-72157639959761466,"book-cover,1880s,london-england"
"Sylvester Sound, the Somnambulist. (Illustrated by Onwhyn.) [With a portrait of the author.]",https://live.staticflickr.com/5547/11023210645_b81236ea0f_b.jpg,"Onwhyn, Thomas, approximately 1811-1886, W. M. Clark, London (England), 1844",https://www.flickr.com/photos/britishlibrary/11023210645/in/album-72157639959761466,"book-cover,1840s,london-england"
Wanderungen in Ungarn und unter seinen Bewohnern. Eine Beleuchtung von Ungarns moderner Stellung und Richtung,https://live.staticflickr.com/7349/11023031725_b35055ceb5_b.jpg,"Richter, Wilhelm, of Berlin, Berlin, 1844",https://www.flickr.com/photos/britishlibrary/11023031725/in/album-72157639959761466,"book-cover,1840s,berlin"
A history of the American People ... With illustrations,https://live.staticflickr.com/7316/11283380003_350494a976_b.jpg,"Gilman, Arthur, D. Bryce, Glasgow (Scotland), 1883",https://www.flickr.com/photos/britishlibrary/11283380003/in/album-72157639959761466,"book-cover,1880s,glasgow-scotland"
"Sylvester Sound, the Somnambulist. (Illustrated by Onwhyn.) [With a portrait of the author.]",https://live.staticflickr.com/5496/11023330993_c50f552d72_b.jpg,"Onwhyn, Thomas, approximately 1811-1886, W. M. Clark, London (England), 1844",https://www.flickr.com/photos/britishlibrary/11023330993/in/album-72157639959761466,"book-cover,1840s,london-england"
Wanderungen in Ungarn und unter seinen Bewohnern. Eine Beleuchtung von Ungarns moderner Stellung und Richtung,https://live.staticflickr.com/5516/11022602286_178efef61b_b.jpg,"Richter, Wilhelm, of Berlin, Berlin, 1844",https://www.flickr.com/photos/britishlibrary/11022602286/in/album-72157639959761466,"book-cover,1840s,berlin"
Half Hours of English History selected and illustrated by C. K,https://live.staticflickr.com/3670/11035880514_4a41863d1d_b.jpg,"Knight, Charles, 1791-1873, London (England), 1851",https://www.flickr.com/photos/britishlibrary/11035880514/in/album-72157639959761466,"book-cover,1850s,london-england"
"Sylvester Sound, the Somnambulist. (Illustrated by Onwhyn.) [With a portrait of the author.]",https://live.staticflickr.com/5528/11022536823_6b35757474_b.jpg,"Onwhyn, Thomas, approximately 1811-1886, W. M. Clark, London (England), 1844",https://www.flickr.com/photos/britishlibrary/11022536823/in/album-72157639959761466,"book-cover,1840s,london-england"
Histoire de Belgique depuis les temps primitits jusqu'à nos jours [With coloured illustrations.],https://live.staticflickr.com/7391/11232819025_74ee49b999_b.jpg,"Juste, Théodore, Bruxelles, 1895",https://www.flickr.com/photos/britishlibrary/11232819025/in/album-72157639959761466,"book-cover,1890s,bruxelles"
"Paris de siècle en siècle. Le cœur de Paris, splendeurs et souvenirs. Texte, dessins et lithographes par A. Robida",https://live.staticflickr.com/3716/11237187006_e175a4bf18_b.jpg,"Robida, Albert, Paris, 1896",https://www.flickr.com/photos/britishlibrary/11237187006/in/album-72157639959761466,"book-cover,1890s,paris"
Revista pintoresca de las provincias Bascongadas. Edicion de lujo. Adornada con vistas ... por S. Lambla. Escrita por L. M. de E. y A. A. y H. Entrega 1-45,https://live.staticflickr.com/2814/11022943386_2793f1edbf_b.jpg,"Lambla, Julio, Bilbao, 1844",https://www.flickr.com/photos/britishlibrary/11022943386/in/album-72157639959761466,"book-cover,1840s,bilbao"
"Reize naar de Oost- en Westkust van Zuid-Amerika en van daar naar de Sandwichs- en Philippijnsche Eilanden, China enz. gedaan, in de jaren 1826, 1827, 1828, en 1829 [With plates.]",https://live.staticflickr.com/7335/11010947175_e8dd85cc2f_b.jpg,"Boelen, Jacobus, Schout-bij-Nacht Titulair, Amsterdam, 1835",https://www.flickr.com/photos/britishlibrary/11010947175/in/album-72157639959761466,"book-cover,1830s,amsterdam"
Az 1848-49-iki magyar szabadságharcz története [With illustrations.],https://live.staticflickr.com/7386/11228075863_88171957be_b.jpg,"Gracza, György, Budapest, 1894",https://www.flickr.com/photos/britishlibrary/11228075863/in/album-72157639959761466,"book-cover,1890s,budapest"
Deutsche National-Bibliothek. Volksthümliche Bilder und Erzählungen aus Deutschlands Vergangenheit und Gegenwart. Herausgegeben von F. Schmidt. Bd. 1-12,https://live.staticflickr.com/3817/11066613614_c6fda6a2ca_b.jpg,"Schmidt, Ferdinand, jugendschriftsteller, Berlin, 1864",https://www.flickr.com/photos/britishlibrary/11066613614/in/album-72157639959761466,"book-cover,1860s,berlin"
Het Koningrijk der Nederlanden voorgesteld in eene reeks van ... schilderachtige gezigten ... en beschreven door J. L. Terwen,https://live.staticflickr.com/3729/11055922853_5c3d0f9779_b.jpg,"Terwen, Johannes Leonardus, Gouda, 1858",https://www.flickr.com/photos/britishlibrary/11055922853/in/album-72157639959761466,"book-cover,1850s,gouda"
"Lives of Eminent and Illustrious Englishmen, from Alfred the Great to the latest times. On an original plan. Edited by G. G. Cunningham. Illustrated by a series of ... portraits, etc",https://live.staticflickr.com/7421/11064745593_9aebce215c_b.jpg,"Cunningham, George Godfrey, A. Fullarton Edition: Another edition, The English Nation, or a History of England in the lives of Englishmen, etc, Edinburgh ; London (England ; Scotland), 1863",https://www.flickr.com/photos/britishlibrary/11064745593/in/album-72157639959761466,"book-cover,1860s,edinburgh-london-england-scotland"
Revista pintoresca de las provincias Bascongadas. Edicion de lujo. Adornada con vistas ... por S. Lambla. Escrita por L. M. de E. y A. A. y H. Entrega 1-45,https://live.staticflickr.com/3770/11022520966_15c8d3abb4_b.jpg,"Lambla, Julio, Bilbao, 1844",https://www.flickr.com/photos/britishlibrary/11022520966/in/album-72157639959761466,"book-cover,1840s,bilbao"
The Aldine 'O'er Land and Sea.' Library,https://live.staticflickr.com/3769/11206629374_c926bd7602_b.jpg,"Aldine Publishing, London (England), 1890",https://www.flickr.com/photos/britishlibrary/11206629374/in/album-72157639959761466,"book-cover,1890s,london-england"
The Aldine 'O'er Land and Sea.' Library,https://live.staticflickr.com/3765/11203653494_f92d5a37ec_b.jpg,"Aldine Publishing, London (England), 1890",https://www.flickr.com/photos/britishlibrary/11203653494/in/album-72157639959761466,"book-cover,1890s,london-england"
The Aldine 'O'er Land and Sea.' Library,https://live.staticflickr.com/2834/11203366766_da552c117a_b.jpg,"Aldine Publishing, London (England), 1890",https://www.flickr.com/photos/britishlibrary/11203366766/in/album-72157639959761466,"book-cover,1890s,london-england"
The Aldine 'O'er Land and Sea.' Library,https://live.staticflickr.com/7316/11202612655_203577d127_b.jpg,"Aldine Publishing, London (England), 1890",https://www.flickr.com/photos/britishlibrary/11202612655/in/album-72157639959761466,"book-cover,1890s,london-england"
Revista pintoresca de las provincias Bascongadas. Edicion de lujo. Adornada con vistas ... por S. Lambla. Escrita por L. M. de E. y A. A. y H. Entrega 1-45,https://live.staticflickr.com/5495/11023219926_cef8ee8e42_b.jpg,"Lambla, Julio, Bilbao, 1844",https://www.flickr.com/photos/britishlibrary/11023219926/in/album-72157639959761466,"book-cover,1840s,bilbao"
"Westmorland, Cumberland, Durham, and Northumberland, illustrated from original drawings by T. Allom, G. Pickering, &c. With descriptions by T. Rose",https://live.staticflickr.com/7404/11054580075_aed635238f_b.jpg,"Rose, Thomas, writer, London (England), 1858",https://www.flickr.com/photos/britishlibrary/11054580075/in/album-72157639959761466,"book-cover,1850s,london-england"
Geschichte der alten Welt. Lief. 1-29,https://live.staticflickr.com/3734/11053681466_5a8fd13766_b.jpg,"Springer, Robert, 1816-1885, Berlin, 1858",https://www.flickr.com/photos/britishlibrary/11053681466/in/album-72157639959761466,"book-cover,1850s,berlin"
Revista pintoresca de las provincias Bascongadas. Edicion de lujo. Adornada con vistas ... por S. Lambla. Escrita por L. M. de E. y A. A. y H. Entrega 1-45,https://live.staticflickr.com/2829/11023200984_b9c8ce8f55_b.jpg,"Lambla, Julio, Bilbao, 1844",https://www.flickr.com/photos/britishlibrary/11023200984/in/album-72157639959761466,"book-cover,1840s,bilbao"
Revista pintoresca de las provincias Bascongadas. Edicion de lujo. Adornada con vistas ... por S. Lambla. Escrita por L. M. de E. y A. A. y H. Entrega 1-45,https://live.staticflickr.com/7449/11022488066_397f8fd7d7_b.jpg,"Lambla, Julio, Bilbao, 1844",https://www.flickr.com/photos/britishlibrary/11022488066/in/album-72157639959761466,"book-cover,1840s,bilbao"
Het Koningrijk der Nederlanden voorgesteld in eene reeks van ... schilderachtige gezigten ... en beschreven door J. L. Terwen,https://live.staticflickr.com/7359/11053449056_7421a46e51_b.jpg,"Terwen, Johannes Leonardus, Gouda, 1858",https://www.flickr.com/photos/britishlibrary/11053449056/in/album-72157639959761466,"book-cover,1850s,gouda"
"Lives of Eminent and Illustrious Englishmen, from Alfred the Great to the latest times. On an original plan. Edited by G. G. Cunningham. Illustrated by a series of ... portraits, etc",https://live.staticflickr.com/3677/11064809536_feae421fd0_b.jpg,"Cunningham, George Godfrey, A. Fullarton Edition: Another edition, The English Nation, or a History of England in the lives of Englishmen, etc, Edinburgh ; London (England ; Scotland), 1863",https://www.flickr.com/photos/britishlibrary/11064809536/in/album-72157639959761466,"book-cover,1860s,edinburgh-london-england-scotland"
Revista pintoresca de las provincias Bascongadas. Edicion de lujo. Adornada con vistas ... por S. Lambla. Escrita por L. M. de E. y A. A. y H. Entrega 1-45,https://live.staticflickr.com/2851/11023141535_d2f5092e77_b.jpg,"Lambla, Julio, Bilbao, 1844",https://www.flickr.com/photos/britishlibrary/11023141535/in/album-72157639959761466,"book-cover,1840s,bilbao"
Revista pintoresca de las provincias Bascongadas. Edicion de lujo. Adornada con vistas ... por S. Lambla. Escrita por L. M. de E. y A. A. y H. Entrega 1-45,https://live.staticflickr.com/5527/11022644275_e1b88e99b2_b.jpg,"Lambla, Julio, Bilbao, 1844",https://www.flickr.com/photos/britishlibrary/11022644275/in/album-72157639959761466,"book-cover,1840s,bilbao"
Geschichte der alten Welt. Lief. 1-29,https://live.staticflickr.com/3801/11056308095_4d119f1e3b_b.jpg,"Springer, Robert, 1816-1885, Berlin, 1858",https://www.flickr.com/photos/britishlibrary/11056308095/in/album-72157639959761466,"book-cover,1850s,berlin"
Luttrell of Arran. ... With illustrations by 'Phiz' [i.e. H. K. Browne],https://live.staticflickr.com/3689/11070301295_9cbac7502c_b.jpg,"Lever, Charles, 1806-1872, London (England), 1865",https://www.flickr.com/photos/britishlibrary/11070301295/in/album-72157639959761466,"book-cover,1860s,london-england"
Revista pintoresca de las provincias Bascongadas. Edicion de lujo. Adornada con vistas ... por S. Lambla. Escrita por L. M. de E. y A. A. y H. Entrega 1-45,https://live.staticflickr.com/5478/11022731003_5aa0fc2a6a_b.jpg,"Lambla, Julio, Bilbao, 1844",https://www.flickr.com/photos/britishlibrary/11022731003/in/album-72157639959761466,"book-cover,1840s,bilbao"
"The British Colonies; their history, extent, condition, and resources",https://live.staticflickr.com/3690/11036462893_710c2dfcd3_b.jpg,"Martin, Robert Montgomery, approximately 1803-1868, London ; New York (England ; United States of America), 1851",https://www.flickr.com/photos/britishlibrary/11036462893/in/album-72157639959761466,"book-cover,1850s,london-new-york-england-united-states-of-america"
"British Library digitised image from page 499 of ""Geographie des Menschen, ethnographisch, statistisch und historisch ... Aus dem Französischen mit nachträglichen Verbesserungen und Bereicherungen des Verfassers ins Deutsche übersetzt von C. H. Hugendubel",https://live.staticflickr.com/3696/11016365844_a0d127102f_b.jpg,"Rougemont, Frédéric de, Bern ; Chur ; Leipzig, 1839",https://www.flickr.com/photos/britishlibrary/11016365844/in/album-72157639959761466,"book-cover,1830s,bern-chur-leipzig"
Title,https://live.staticflickr.com/2885/11129329705_768670d82b_b.jpg,"Publisher Edition: Edition, Place of publication (Country of publication)",https://www.flickr.com/photos/britishlibrary/11129329705/in/album-72157639959761466,"book-cover,place-of-publication-country-of-publication"
Revista pintoresca de las provincias Bascongadas. Edicion de lujo. Adornada con vistas ... por S. Lambla. Escrita por L. M. de E. y A. A. y H. Entrega 1-45,https://live.staticflickr.com/3778/11022991985_0c12fa40e2_b.jpg,"Lambla, Julio, Bilbao, 1844",https://www.flickr.com/photos/britishlibrary/11022991985/in/album-72157639959761466,"book-cover,1840s,bilbao"
Revista pintoresca de las provincias Bascongadas. Edicion de lujo. Adornada con vistas ... por S. Lambla. Escrita por L. M. de E. y A. A. y H. Entrega 1-45,https://live.staticflickr.com/2807/11022216924_1b78157a1c_b.jpg,"Lambla, Julio, Bilbao, 1844",https://www.flickr.com/photos/britishlibrary/11022216924/in/album-72157639959761466,"book-cover,1840s,bilbao"
Revista pintoresca de las provincias Bascongadas. Edicion de lujo. Adornada con vistas ... por S. Lambla. Escrita por L. M. de E. y A. A. y H. Entrega 1-45,https://live.staticflickr.com/5511/11022934555_eb553af39b_b.jpg,"Lambla, Julio, Bilbao, 1844",https://www.flickr.com/photos/britishlibrary/11022934555/in/album-72157639959761466,"book-cover,1840s,bilbao"
Revista pintoresca de las provincias Bascongadas. Edicion de lujo. Adornada con vistas ... por S. Lambla. Escrita por L. M. de E. y A. A. y H. Entrega 1-45,https://live.staticflickr.com/3763/11022260763_7d554343f2_b.jpg,"Lambla, Julio, Bilbao, 1844",https://www.flickr.com/photos/britishlibrary/11022260763/in/album-72157639959761466,"book-cover,1840s,bilbao"
"British Library digitised image from page 506 of ""A New Gazetteer of the Eastern Continent; or a Geographical Dictionary: containing ... a description of all the countries, kingdoms, states ... &c. in Europe, Asia, Africa, and their adjacent Islands ... I",https://live.staticflickr.com/2855/10998995753_4025eb843a_b.jpg,"Morse, Jedidiah, 1761-1826, Charlestown (United States of America), 1802",https://www.flickr.com/photos/britishlibrary/10998995753/in/album-72157639959761466,"book-cover,1800s,charlestown-united-states-of-america"
"Histoire de l'Agenais, du Condomois et du Bazadais",https://live.staticflickr.com/5524/11025627955_0174a8de40_b.jpg,"Samazeuilh, Jean François, Auch, 1846",https://www.flickr.com/photos/britishlibrary/11025627955/in/album-72157639959761466,"book-cover,1840s,auch"
"Geschiedenis der Provincie Groningen van het begin onzer tijdrekening af, tot aen den järe 1848",https://live.staticflickr.com/3749/11031362583_d97cf63b2a_b.jpg,"Smith, A., Physician at Beerta, Groningen, 1849",https://www.flickr.com/photos/britishlibrary/11031362583/in/album-72157639959761466,"book-cover,1840s,groningen"
Revista pintoresca de las provincias Bascongadas. Edicion de lujo. Adornada con vistas ... por S. Lambla. Escrita por L. M. de E. y A. A. y H. Entrega 1-45,https://live.staticflickr.com/5522/11022706343_b0c4695bdd_b.jpg,"Lambla, Julio, Bilbao, 1844",https://www.flickr.com/photos/britishlibrary/11022706343/in/album-72157639959761466,"book-cover,1840s,bilbao"
Revista pintoresca de las provincias Bascongadas. Edicion de lujo. Adornada con vistas ... por S. Lambla. Escrita por L. M. de E. y A. A. y H. Entrega 1-45,https://live.staticflickr.com/2817/11022050724_940ea99e59_b.jpg,"Lambla, Julio, Bilbao, 1844",https://www.flickr.com/photos/britishlibrary/11022050724/in/album-72157639959761466,"book-cover,1840s,bilbao"
Revista pintoresca de las provincias Bascongadas. Edicion de lujo. Adornada con vistas ... por S. Lambla. Escrita por L. M. de E. y A. A. y H. Entrega 1-45,https://live.staticflickr.com/3734/11023339873_6aaa52aaa2_b.jpg,"Lambla, Julio, Bilbao, 1844",https://www.flickr.com/photos/britishlibrary/11023339873/in/album-72157639959761466,"book-cover,1840s,bilbao"
Revista pintoresca de las provincias Bascongadas. Edicion de lujo. Adornada con vistas ... por S. Lambla. Escrita por L. M. de E. y A. A. y H. Entrega 1-45,https://live.staticflickr.com/5489/11022766703_819e00b49d_b.jpg,"Lambla, Julio, Bilbao, 1844",https://www.flickr.com/photos/britishlibrary/11022766703/in/album-72157639959761466,"book-cover,1840s,bilbao"
"Historical Collections of the State of New Jersey ... relating to its history and antiquities, with geographical descriptions of every township in the State [With illustrations.]",https://live.staticflickr.com/3826/11227207256_85083075dd_b.jpg,"Barber, John Warner, 1798-1885, New York (United States of America), 1845",https://www.flickr.com/photos/britishlibrary/11227207256/in/album-72157639959761466,"book-cover,1840s,new-york-united-states-of-america"
Revista pintoresca de las provincias Bascongadas. Edicion de lujo. Adornada con vistas ... por S. Lambla. Escrita por L. M. de E. y A. A. y H. Entrega 1-45,https://live.staticflickr.com/3679/11023273076_06c4ebc8af_b.jpg,"Lambla, Julio, Bilbao, 1844",https://www.flickr.com/photos/britishlibrary/11023273076/in/album-72157639959761466,"book-cover,1840s,bilbao"
Revista pintoresca de las provincias Bascongadas. Edicion de lujo. Adornada con vistas ... por S. Lambla. Escrita por L. M. de E. y A. A. y H. Entrega 1-45,https://live.staticflickr.com/5494/11022595775_03bb37bf2a_b.jpg,"Lambla, Julio, Bilbao, 1844",https://www.flickr.com/photos/britishlibrary/11022595775/in/album-72157639959761466,"book-cover,1840s,bilbao"
"The Memorial History of Boston, including Suffolk County, Massachusetts. 1630-1880 [With illustrations, etc.]",https://live.staticflickr.com/5509/11282446765_8ce56da4ca_b.jpg,"Winsor, Justin, Osgood, Boston ; Cambridge ; Massachusetts, 1882",https://www.flickr.com/photos/britishlibrary/11282446765/in/album-72157639959761466,"book-cover,1880s,boston-cambridge-massachusetts"
"John Cassell's Illustrated History of England. The text, to the Reign of Edward I, by J. F. Smith; and from that period by W. Howitt",https://live.staticflickr.com/3784/11050441373_958db16c54_b.jpg,"Smith, J. F. (John Frederick), 1806-1890, London (England), 1856",https://www.flickr.com/photos/britishlibrary/11050441373/in/album-72157639959761466,"book-cover,1850s,london-england"
"John Cassell's Illustrated History of England. The text, to the Reign of Edward I, by J. F. Smith; and from that period by W. Howitt",https://live.staticflickr.com/7331/11048814925_b2e0f71682_b.jpg,"Smith, J. F. (John Frederick), 1806-1890, London (England), 1856",https://www.flickr.com/photos/britishlibrary/11048814925/in/album-72157639959761466,"book-cover,1850s,london-england"
Revista pintoresca de las provincias Bascongadas. Edicion de lujo. Adornada con vistas ... por S. Lambla. Escrita por L. M. de E. y A. A. y H. Entrega 1-45,https://live.staticflickr.com/5548/11023032895_35145e00ac_b.jpg,"Lambla, Julio, Bilbao, 1844",https://www.flickr.com/photos/britishlibrary/11023032895/in/album-72157639959761466,"book-cover,1840s,bilbao"
Revista pintoresca de las provincias Bascongadas. Edicion de lujo. Adornada con vistas ... por S. Lambla. Escrita por L. M. de E. y A. A. y H. Entrega 1-45,https://live.staticflickr.com/5531/11023182233_e730637134_b.jpg,"Lambla, Julio, Bilbao, 1844",https://www.flickr.com/photos/britishlibrary/11023182233/in/album-72157639959761466,"book-cover,1840s,bilbao"
"Nieuwe Geschiedenis van Antwerpen, of schets van de beginsels ... dezer stad, etc",https://live.staticflickr.com/3814/11063950314_67e11e3fa0_b.jpg,"Torfs, Lodewyk, Antwerpen, 1862",https://www.flickr.com/photos/britishlibrary/11063950314/in/album-72157639959761466,"book-cover,1860s,antwerpen"
Saunterings in Florence. A new artistic and practical hand-book for English and American tourists. With one hundred illustrations and maps,https://live.staticflickr.com/7348/11235135706_d306f2a04d_b.jpg,"Grifi, Elvira, Florence, 1896",https://www.flickr.com/photos/britishlibrary/11235135706/in/album-72157639959761466,"book-cover,1890s,florence"
Revista pintoresca de las provincias Bascongadas. Edicion de lujo. Adornada con vistas ... por S. Lambla. Escrita por L. M. de E. y A. A. y H. Entrega 1-45,https://live.staticflickr.com/3704/11022662516_6bc748e7e9_b.jpg,"Lambla, Julio, Bilbao, 1844",https://www.flickr.com/photos/britishlibrary/11022662516/in/album-72157639959761466,"book-cover,1840s,bilbao"
Deutsche National-Bibliothek. Volksthümliche Bilder und Erzählungen aus Deutschlands Vergangenheit und Gegenwart. Herausgegeben von F. Schmidt. Bd. 1-12,https://live.staticflickr.com/2893/11067207954_d66451b137_b.jpg,"Schmidt, Ferdinand, jugendschriftsteller, Berlin, 1864",https://www.flickr.com/photos/britishlibrary/11067207954/in/album-72157639959761466,"book-cover,1860s,berlin"
Revista pintoresca de las provincias Bascongadas. Edicion de lujo. Adornada con vistas ... por S. Lambla. Escrita por L. M. de E. y A. A. y H. Entrega 1-45,https://live.staticflickr.com/7342/11022330936_86165fea63_b.jpg,"Lambla, Julio, Bilbao, 1844",https://www.flickr.com/photos/britishlibrary/11022330936/in/album-72157639959761466,"book-cover,1840s,bilbao"
"The British Colonies; their history, extent, condition, and resources",https://live.staticflickr.com/2852/11036299923_cfbe17c98b_b.jpg,"Martin, Robert Montgomery, approximately 1803-1868, London ; New York (England ; United States of America), 1851",https://www.flickr.com/photos/britishlibrary/11036299923/in/album-72157639959761466,"book-cover,1850s,london-new-york-england-united-states-of-america"
"Tirol und Vorarlberg ... Mit ... einer Karte, zahlreichen Illustrationen, etc",https://live.staticflickr.com/3829/11226166046_7dce94a42e_b.jpg,"Ubl, E., Leipzig, 1894",https://www.flickr.com/photos/britishlibrary/11226166046/in/album-72157639959761466,"book-cover,1890s,leipzig"
"Lives of Eminent and Illustrious Englishmen, from Alfred the Great to the latest times. On an original plan. Edited by G. G. Cunningham. Illustrated by a series of ... portraits, etc",https://live.staticflickr.com/7325/11064369463_9bec02a0f9_b.jpg,"Cunningham, George Godfrey, A. Fullarton Edition: Another edition, The English Nation, or a History of England in the lives of Englishmen, etc, Edinburgh ; London (England ; Scotland), 1863",https://www.flickr.com/photos/britishlibrary/11064369463/in/album-72157639959761466,"book-cover,1860s,edinburgh-london-england-scotland"
Revista pintoresca de las provincias Bascongadas. Edicion de lujo. Adornada con vistas ... por S. Lambla. Escrita por L. M. de E. y A. A. y H. Entrega 1-45,https://live.staticflickr.com/3728/11023336406_541b152cd1_b.jpg,"Lambla, Julio, Bilbao, 1844",https://www.flickr.com/photos/britishlibrary/11023336406/in/album-72157639959761466,"book-cover,1840s,bilbao"
Revista pintoresca de las provincias Bascongadas. Edicion de lujo. Adornada con vistas ... por S. Lambla. Escrita por L. M. de E. y A. A. y H. Entrega 1-45,https://live.staticflickr.com/7426/11023322464_9f69f78c75_b.jpg,"Lambla, Julio, Bilbao, 1844",https://www.flickr.com/photos/britishlibrary/11023322464/in/album-72157639959761466,"book-cover,1840s,bilbao"
"The Works of Douglas Jerrold. With an introductory memoir by his son, W. B. Jerrold",https://live.staticflickr.com/3673/11065443455_f8ba0c6057_b.jpg,"Jerrold, Douglas William, 1803-1857, London (England), 1863",https://www.flickr.com/photos/britishlibrary/11065443455/in/album-72157639959761466,"book-cover,1860s,london-england"
Revista pintoresca de las provincias Bascongadas. Edicion de lujo. Adornada con vistas ... por S. Lambla. Escrita por L. M. de E. y A. A. y H. Entrega 1-45,https://live.staticflickr.com/7419/11022801803_00de7e33e0_b.jpg,"Lambla, Julio, Bilbao, 1844",https://www.flickr.com/photos/britishlibrary/11022801803/in/album-72157639959761466,"book-cover,1840s,bilbao"
Half Hours of English History selected and illustrated by C. K,https://live.staticflickr.com/3830/11036853465_3f9c0dc291_b.jpg,"Knight, Charles, 1791-1873, London (England), 1851",https://www.flickr.com/photos/britishlibrary/11036853465/in/album-72157639959761466,"book-cover,1850s,london-england"
Revista pintoresca de las provincias Bascongadas. Edicion de lujo. Adornada con vistas ... por S. Lambla. Escrita por L. M. de E. y A. A. y H. Entrega 1-45,https://live.staticflickr.com/3683/11023208255_5af58c14fb_b.jpg,"Lambla, Julio, Bilbao, 1844",https://www.flickr.com/photos/britishlibrary/11023208255/in/album-72157639959761466,"book-cover,1840s,bilbao"
"The British Colonies; their history, extent, condition, and resources",https://live.staticflickr.com/7437/11036029924_f19ee3ea3b_b.jpg,"Martin, Robert Montgomery, approximately 1803-1868, London ; New York (England ; United States of America), 1851",https://www.flickr.com/photos/britishlibrary/11036029924/in/album-72157639959761466,"book-cover,1850s,london-new-york-england-united-states-of-america"
Revista pintoresca de las provincias Bascongadas. Edicion de lujo. Adornada con vistas ... por S. Lambla. Escrita por L. M. de E. y A. A. y H. Entrega 1-45,https://live.staticflickr.com/3694/11023282015_b49429c9c7_b.jpg,"Lambla, Julio, Bilbao, 1844",https://www.flickr.com/photos/britishlibrary/11023282015/in/album-72157639959761466,"book-cover,1840s,bilbao"
Revista pintoresca de las provincias Bascongadas. Edicion de lujo. Adornada con vistas ... por S. Lambla. Escrita por L. M. de E. y A. A. y H. Entrega 1-45,https://live.staticflickr.com/3748/11023083494_6d67e8d398_b.jpg,"Lambla, Julio, Bilbao, 1844",https://www.flickr.com/photos/britishlibrary/11023083494/in/album-72157639959761466,"book-cover,1840s,bilbao"
Revista pintoresca de las provincias Bascongadas. Edicion de lujo. Adornada con vistas ... por S. Lambla. Escrita por L. M. de E. y A. A. y H. Entrega 1-45,https://live.staticflickr.com/2868/11022305465_67ba1417fd_b.jpg,"Lambla, Julio, Bilbao, 1844",https://www.flickr.com/photos/britishlibrary/11022305465/in/album-72157639959761466,"book-cover,1840s,bilbao"
Revista pintoresca de las provincias Bascongadas. Edicion de lujo. Adornada con vistas ... por S. Lambla. Escrita por L. M. de E. y A. A. y H. Entrega 1-45,https://live.staticflickr.com/2889/11022770483_a8422e4b0f_b.jpg,"Lambla, Julio, Bilbao, 1844",https://www.flickr.com/photos/britishlibrary/11022770483/in/album-72157639959761466,"book-cover,1840s,bilbao"
Revista pintoresca de las provincias Bascongadas. Edicion de lujo. Adornada con vistas ... por S. Lambla. Escrita por L. M. de E. y A. A. y H. Entrega 1-45,https://live.staticflickr.com/2868/11022562445_f9dfc87afd_b.jpg,"Lambla, Julio, Bilbao, 1844",https://www.flickr.com/photos/britishlibrary/11022562445/in/album-72157639959761466,"book-cover,1840s,bilbao"
"Lives of Eminent and Illustrious Englishmen, from Alfred the Great to the latest times. On an original plan. Edited by G. G. Cunningham. Illustrated by a series of ... portraits, etc",https://live.staticflickr.com/7347/11065501764_3a78979620_b.jpg,"Cunningham, George Godfrey, A. Fullarton Edition: Another edition, The English Nation, or a History of England in the lives of Englishmen, etc, Edinburgh ; London (England ; Scotland), 1863",https://www.flickr.com/photos/britishlibrary/11065501764/in/album-72157639959761466,"book-cover,1860s,edinburgh-london-england-scotland"
Revista pintoresca de las provincias Bascongadas. Edicion de lujo. Adornada con vistas ... por S. Lambla. Escrita por L. M. de E. y A. A. y H. Entrega 1-45,https://live.staticflickr.com/3811/11022676843_98a6298138_b.jpg,"Lambla, Julio, Bilbao, 1844",https://www.flickr.com/photos/britishlibrary/11022676843/in/album-72157639959761466,"book-cover,1840s,bilbao"
"The Rhine: legends, traditions, history, from Cologne to Mainz",https://live.staticflickr.com/3745/11016753423_71a750a3c9_b.jpg,"Snowe, Joseph, London (England), 1839",https://www.flickr.com/photos/britishlibrary/11016753423/in/album-72157639959761466,"book-cover,1830s,london-england"
Chronik des Landes Dithmarschen,https://live.staticflickr.com/7378/11009149375_8669b9a243_b.jpg,"Wolf, H., archdeacon, Hamburg, 1833",https://www.flickr.com/photos/britishlibrary/11009149375/in/album-72157639959761466,"book-cover,1830s,hamburg"
Revista pintoresca de las provincias Bascongadas. Edicion de lujo. Adornada con vistas ... por S. Lambla. Escrita por L. M. de E. y A. A. y H. Entrega 1-45,https://live.staticflickr.com/2842/11023306686_54d2d634e6_b.jpg,"Lambla, Julio, Bilbao, 1844",https://www.flickr.com/photos/britishlibrary/11023306686/in/album-72157639959761466,"book-cover,1840s,bilbao"
Revista pintoresca de las provincias Bascongadas. Edicion de lujo. Adornada con vistas ... por S. Lambla. Escrita por L. M. de E. y A. A. y H. Entrega 1-45,https://live.staticflickr.com/7448/11022218583_7f2e52b260_b.jpg,"Lambla, Julio, Bilbao, 1844",https://www.flickr.com/photos/britishlibrary/11022218583/in/album-72157639959761466,"book-cover,1840s,bilbao"
The Aldine 'O'er Land and Sea.' Library,https://live.staticflickr.com/5514/11207360716_ff462cbb97_b.jpg,"Aldine Publishing, London (England), 1890",https://www.flickr.com/photos/britishlibrary/11207360716/in/album-72157639959761466,"book-cover,1890s,london-england"
The Aldine 'O'er Land and Sea.' Library,https://live.staticflickr.com/7315/11205497393_016ca63d04_b.jpg,"Aldine Publishing, London (England), 1890",https://www.flickr.com/photos/britishlibrary/11205497393/in/album-72157639959761466,"book-cover,1890s,london-england"
The Aldine 'O'er Land and Sea.' Library,https://live.staticflickr.com/2815/11204634763_d81202590d_b.jpg,"Aldine Publishing, London (England), 1890",https://www.flickr.com/photos/britishlibrary/11204634763/in/album-72157639959761466,"book-cover,1890s,london-england"
The Aldine 'O'er Land and Sea.' Library,https://live.staticflickr.com/5512/11202409885_d2c1ce6046_b.jpg,"Aldine Publishing, London (England), 1890",https://www.flickr.com/photos/britishlibrary/11202409885/in/album-72157639959761466,"book-cover,1890s,london-england"
Revista pintoresca de las provincias Bascongadas. Edicion de lujo. Adornada con vistas ... por S. Lambla. Escrita por L. M. de E. y A. A. y H. Entrega 1-45,https://live.staticflickr.com/3751/11023135394_e3f4bef930_b.jpg,"Lambla, Julio, Bilbao, 1844",https://www.flickr.com/photos/britishlibrary/11023135394/in/album-72157639959761466,"book-cover,1840s,bilbao"
Revista pintoresca de las provincias Bascongadas. Edicion de lujo. Adornada con vistas ... por S. Lambla. Escrita por L. M. de E. y A. A. y H. Entrega 1-45,https://live.staticflickr.com/2827/11022163873_cc8b6b4050_b.jpg,"Lambla, Julio, Bilbao, 1844",https://www.flickr.com/photos/britishlibrary/11022163873/in/album-72157639959761466,"book-cover,1840s,bilbao"
Revista pintoresca de las provincias Bascongadas. Edicion de lujo. Adornada con vistas ... por S. Lambla. Escrita por L. M. de E. y A. A. y H. Entrega 1-45,https://live.staticflickr.com/7408/11022672056_edcfedd3d3_b.jpg,"Lambla, Julio, Bilbao, 1844",https://www.flickr.com/photos/britishlibrary/11022672056/in/album-72157639959761466,"book-cover,1840s,bilbao"
"Beskrifning öfver Sveriges Rike. Bd. 1, Bd. 2, pt. 1, 2",https://live.staticflickr.com/7379/11031281986_bc504e0945_b.jpg,"Tham, Wilhelm, of Carlberg, Stockholm, 1849",https://www.flickr.com/photos/britishlibrary/11031281986/in/album-72157639959761466,"book-cover,1840s,stockholm"
Revista pintoresca de las provincias Bascongadas. Edicion de lujo. Adornada con vistas ... por S. Lambla. Escrita por L. M. de E. y A. A. y H. Entrega 1-45,https://live.staticflickr.com/3680/11023064284_08e086da4c_b.jpg,"Lambla, Julio, Bilbao, 1844",https://www.flickr.com/photos/britishlibrary/11023064284/in/album-72157639959761466,"book-cover,1840s,bilbao"
Revista pintoresca de las provincias Bascongadas. Edicion de lujo. Adornada con vistas ... por S. Lambla. Escrita por L. M. de E. y A. A. y H. Entrega 1-45,https://live.staticflickr.com/2840/11023208076_70f6b1296a_b.jpg,"Lambla, Julio, Bilbao, 1844",https://www.flickr.com/photos/britishlibrary/11023208076/in/album-72157639959761466,"book-cover,1840s,bilbao"
"Beskrifning öfver Sveriges Rike. Bd. 1, Bd. 2, pt. 1, 2",https://live.staticflickr.com/7440/11031417135_11fafe49be_b.jpg,"Tham, Wilhelm, of Carlberg, Stockholm, 1849",https://www.flickr.com/photos/britishlibrary/11031417135/in/album-72157639959761466,"book-cover,1840s,stockholm"
Revista pintoresca de las provincias Bascongadas. Edicion de lujo. Adornada con vistas ... por S. Lambla. Escrita por L. M. de E. y A. A. y H. Entrega 1-45,https://live.staticflickr.com/7430/11022079984_ff6a6c0fcb_b.jpg,"Lambla, Julio, Bilbao, 1844",https://www.flickr.com/photos/britishlibrary/11022079984/in/album-72157639959761466,"book-cover,1840s,bilbao"
"Ogledalo Iliriuma, iliti dogodovstina Ilirah, Slavinah, Straznji put Horvatah zvanih, od potopa, to jest godine světa 1656, etc",https://live.staticflickr.com/7448/11017198453_b457bbc7e5_b.jpg,"Švear, Ivan, Zagrebu, 1839",https://www.flickr.com/photos/britishlibrary/11017198453/in/album-72157639959761466,"book-cover,1830s,zagrebu"
"British Library digitised image from page 563 of ""Histoire des Environs de Bruxelles, ou description historique des localités qui formaient autrefois l'ammannie de cette ville par A. W. ... Ouvrage faisant suite à l'Histoire de Bruxelles par A. Henne et A",https://live.staticflickr.com/7383/11035624045_f9fa21900b_b.jpg,"Wauters, Alphonse, Bruxelles, 1851",https://www.flickr.com/photos/britishlibrary/11035624045/in/album-72157639959761466,"book-cover,1850s,bruxelles"
Revista pintoresca de las provincias Bascongadas. Edicion de lujo. Adornada con vistas ... por S. Lambla. Escrita por L. M. de E. y A. A. y H. Entrega 1-45,https://live.staticflickr.com/3693/11022173685_38ac7afd22_b.jpg,"Lambla, Julio, Bilbao, 1844",https://www.flickr.com/photos/britishlibrary/11022173685/in/album-72157639959761466,"book-cover,1840s,bilbao"
Revista pintoresca de las provincias Bascongadas. Edicion de lujo. Adornada con vistas ... por S. Lambla. Escrita por L. M. de E. y A. A. y H. Entrega 1-45,https://live.staticflickr.com/3730/11022682563_5dbebb3081_b.jpg,"Lambla, Julio, Bilbao, 1844",https://www.flickr.com/photos/britishlibrary/11022682563/in/album-72157639959761466,"book-cover,1840s,bilbao"
Revista pintoresca de las provincias Bascongadas. Edicion de lujo. Adornada con vistas ... por S. Lambla. Escrita por L. M. de E. y A. A. y H. Entrega 1-45,https://live.staticflickr.com/2818/11023012463_2f000c8a48_b.jpg,"Lambla, Julio, Bilbao, 1844",https://www.flickr.com/photos/britishlibrary/11023012463/in/album-72157639959761466,"book-cover,1840s,bilbao"
"British Library digitised image from page 569 of ""Battles of the United States, by Sea and Land: embracing those of the Revolutionary and Indian Wars, the War of 1812, and the Mexican War; with important official documents ... Illustrated with ... steel e",https://live.staticflickr.com/3769/11055952524_cb7a8d2076_b.jpg,"Chappel, Alonzo, 1828-1887, Johnson, Fry, New York (United States of America), 1858",https://www.flickr.com/photos/britishlibrary/11055952524/in/album-72157639959761466,"book-cover,1850s,new-york-united-states-of-america"
Revista pintoresca de las provincias Bascongadas. Edicion de lujo. Adornada con vistas ... por S. Lambla. Escrita por L. M. de E. y A. A. y H. Entrega 1-45,https://live.staticflickr.com/5514/11023065704_54608683ed_b.jpg,"Lambla, Julio, Bilbao, 1844",https://www.flickr.com/photos/britishlibrary/11023065704/in/album-72157639959761466,"book-cover,1840s,bilbao"
"John Cassell's Illustrated History of England. The text, to the Reign of Edward I, by J. F. Smith; and from that period by W. Howitt",https://live.staticflickr.com/3702/11048275254_4328196007_b.jpg,"Smith, J. F. (John Frederick), 1806-1890, London (England), 1856",https://www.flickr.com/photos/britishlibrary/11048275254/in/album-72157639959761466,"book-cover,1850s,london-england"
Revista pintoresca de las provincias Bascongadas. Edicion de lujo. Adornada con vistas ... por S. Lambla. Escrita por L. M. de E. y A. A. y H. Entrega 1-45,https://live.staticflickr.com/3693/11022444144_42df22fc15_b.jpg,"Lambla, Julio, Bilbao, 1844",https://www.flickr.com/photos/britishlibrary/11022444144/in/album-72157639959761466,"book-cover,1840s,bilbao"
Revista pintoresca de las provincias Bascongadas. Edicion de lujo. Adornada con vistas ... por S. Lambla. Escrita por L. M. de E. y A. A. y H. Entrega 1-45,https://live.staticflickr.com/3702/11022755086_172841bc41_b.jpg,"Lambla, Julio, Bilbao, 1844",https://www.flickr.com/photos/britishlibrary/11022755086/in/album-72157639959761466,"book-cover,1840s,bilbao"
Revista pintoresca de las provincias Bascongadas. Edicion de lujo. Adornada con vistas ... por S. Lambla. Escrita por L. M. de E. y A. A. y H. Entrega 1-45,https://live.staticflickr.com/2811/11021899765_6670553c2d_b.jpg,"Lambla, Julio, Bilbao, 1844",https://www.flickr.com/photos/britishlibrary/11021899765/in/album-72157639959761466,"book-cover,1840s,bilbao"
Revista pintoresca de las provincias Bascongadas. Edicion de lujo. Adornada con vistas ... por S. Lambla. Escrita por L. M. de E. y A. A. y H. Entrega 1-45,https://live.staticflickr.com/7370/11021977146_4f3bfb1351_b.jpg,"Lambla, Julio, Bilbao, 1844",https://www.flickr.com/photos/britishlibrary/11021977146/in/album-72157639959761466,"book-cover,1840s,bilbao"
"The British Colonies; their history, extent, condition, and resources",https://live.staticflickr.com/5490/11036926253_6bb31cf5a8_b.jpg,"Martin, Robert Montgomery, approximately 1803-1868, London ; New York (England ; United States of America), 1851",https://www.flickr.com/photos/britishlibrary/11036926253/in/album-72157639959761466,"book-cover,1850s,london-new-york-england-united-states-of-america"
Revista pintoresca de las provincias Bascongadas. Edicion de lujo. Adornada con vistas ... por S. Lambla. Escrita por L. M. de E. y A. A. y H. Entrega 1-45,https://live.staticflickr.com/3780/11022213174_ba17548a69_b.jpg,"Lambla, Julio, Bilbao, 1844",https://www.flickr.com/photos/britishlibrary/11022213174/in/album-72157639959761466,"book-cover,1840s,bilbao"
Revista pintoresca de las provincias Bascongadas. Edicion de lujo. Adornada con vistas ... por S. Lambla. Escrita por L. M. de E. y A. A. y H. Entrega 1-45,https://live.staticflickr.com/3743/11022448443_94ddfa6b08_b.jpg,"Lambla, Julio, Bilbao, 1844",https://www.flickr.com/photos/britishlibrary/11022448443/in/album-72157639959761466,"book-cover,1840s,bilbao"
"Côte occidentale d'Afrique. Vues, scènes, croquis. Nombreuses illustrations, etc",https://live.staticflickr.com/7373/11206871954_22ec97a7f8_b.jpg,"Frey, H. (Henri), 1847-1932, Paris, 1890",https://www.flickr.com/photos/britishlibrary/11206871954/in/album-72157639959761466,"book-cover,1890s,paris"
Revista pintoresca de las provincias Bascongadas. Edicion de lujo. Adornada con vistas ... por S. Lambla. Escrita por L. M. de E. y A. A. y H. Entrega 1-45,https://live.staticflickr.com/7431/11022920053_c103fff2b6_b.jpg,"Lambla, Julio, Bilbao, 1844",https://www.flickr.com/photos/britishlibrary/11022920053/in/album-72157639959761466,"book-cover,1840s,bilbao"
Revista pintoresca de las provincias Bascongadas. Edicion de lujo. Adornada con vistas ... por S. Lambla. Escrita por L. M. de E. y A. A. y H. Entrega 1-45,https://live.staticflickr.com/3680/11022717334_6b4f912c47_b.jpg,"Lambla, Julio, Bilbao, 1844",https://www.flickr.com/photos/britishlibrary/11022717334/in/album-72157639959761466,"book-cover,1840s,bilbao"
"The British Colonies; their history, extent, condition, and resources",https://live.staticflickr.com/5549/11037395704_5cc0ccb605_b.jpg,"Martin, Robert Montgomery, approximately 1803-1868, London ; New York (England ; United States of America), 1851",https://www.flickr.com/photos/britishlibrary/11037395704/in/album-72157639959761466,"book-cover,1850s,london-new-york-england-united-states-of-america"
Revista pintoresca de las provincias Bascongadas. Edicion de lujo. Adornada con vistas ... por S. Lambla. Escrita por L. M. de E. y A. A. y H. Entrega 1-45,https://live.staticflickr.com/3748/11022939143_5a4a9592e2_b.jpg,"Lambla, Julio, Bilbao, 1844",https://www.flickr.com/photos/britishlibrary/11022939143/in/album-72157639959761466,"book-cover,1840s,bilbao"
Revista pintoresca de las provincias Bascongadas. Edicion de lujo. Adornada con vistas ... por S. Lambla. Escrita por L. M. de E. y A. A. y H. Entrega 1-45,https://live.staticflickr.com/3713/11022529244_321653cff7_b.jpg,"Lambla, Julio, Bilbao, 1844",https://www.flickr.com/photos/britishlibrary/11022529244/in/album-72157639959761466,"book-cover,1840s,bilbao"
Revista pintoresca de las provincias Bascongadas. Edicion de lujo. Adornada con vistas ... por S. Lambla. Escrita por L. M. de E. y A. A. y H. Entrega 1-45,https://live.staticflickr.com/3779/11022479133_e3057b5795_b.jpg,"Lambla, Julio, Bilbao, 1844",https://www.flickr.com/photos/britishlibrary/11022479133/in/album-72157639959761466,"book-cover,1840s,bilbao"
Revista pintoresca de las provincias Bascongadas. Edicion de lujo. Adornada con vistas ... por S. Lambla. Escrita por L. M. de E. y A. A. y H. Entrega 1-45,https://live.staticflickr.com/2886/11022187003_f1b618225d_b.jpg,"Lambla, Julio, Bilbao, 1844",https://www.flickr.com/photos/britishlibrary/11022187003/in/album-72157639959761466,"book-cover,1840s,bilbao"
Revista pintoresca de las provincias Bascongadas. Edicion de lujo. Adornada con vistas ... por S. Lambla. Escrita por L. M. de E. y A. A. y H. Entrega 1-45,https://live.staticflickr.com/3804/11022999143_2034d96828_b.jpg,"Lambla, Julio, Bilbao, 1844",https://www.flickr.com/photos/britishlibrary/11022999143/in/album-72157639959761466,"book-cover,1840s,bilbao"
Revista pintoresca de las provincias Bascongadas. Edicion de lujo. Adornada con vistas ... por S. Lambla. Escrita por L. M. de E. y A. A. y H. Entrega 1-45,https://live.staticflickr.com/5473/11022727925_70cc194a41_b.jpg,"Lambla, Julio, Bilbao, 1844",https://www.flickr.com/photos/britishlibrary/11022727925/in/album-72157639959761466,"book-cover,1840s,bilbao"
"The British Colonies; their history, extent, condition, and resources",https://live.staticflickr.com/2881/11036641686_92ba2a3c7f_b.jpg,"Martin, Robert Montgomery, approximately 1803-1868, London ; New York (England ; United States of America), 1851",https://www.flickr.com/photos/britishlibrary/11036641686/in/album-72157639959761466,"book-cover,1850s,london-new-york-england-united-states-of-america"
"La Sainte Russie. la cour, l'armée ... et le peuple. Ouvrage contenant ... chromolithographies et ... gravures, etc",https://live.staticflickr.com/3777/11205647574_f2860be91a_b.jpg,"Vasili, Paul, Count, pseudonym, Paris, 1890",https://www.flickr.com/photos/britishlibrary/11205647574/in/album-72157639959761466,"book-cover,1890s,paris"
Revista pintoresca de las provincias Bascongadas. Edicion de lujo. Adornada con vistas ... por S. Lambla. Escrita por L. M. de E. y A. A. y H. Entrega 1-45,https://live.staticflickr.com/5475/11022201734_d9ac5d2e11_b.jpg,"Lambla, Julio, Bilbao, 1844",https://www.flickr.com/photos/britishlibrary/11022201734/in/album-72157639959761466,"book-cover,1840s,bilbao"
Finska Kriget 1808-1809 [Illustrated.],https://live.staticflickr.com/3694/11249036084_2c79ccb184_b.jpg,"Nordensvan, Carl Otto, Stockholm, 1898",https://www.flickr.com/photos/britishlibrary/11249036084/in/album-72157639959761466,"book-cover,1890s,stockholm"
Revista pintoresca de las provincias Bascongadas. Edicion de lujo. Adornada con vistas ... por S. Lambla. Escrita por L. M. de E. y A. A. y H. Entrega 1-45,https://live.staticflickr.com/3784/11022642843_fe086d2eac_b.jpg,"Lambla, Julio, Bilbao, 1844",https://www.flickr.com/photos/britishlibrary/11022642843/in/album-72157639959761466,"book-cover,1840s,bilbao"
"The History of Scotland, translated ... with notes, and a continuation to the present time. A new edition ... By James Aikman",https://live.staticflickr.com/5500/11045561045_88da831da0_b.jpg,"Aikman, James, Blackie Edition: Another edition, with an anonymous continuation to 1851, The History of Scotland, from the earliest period to the present time. With numerous engravings, Glasgow (Scotland), 1855",https://www.flickr.com/photos/britishlibrary/11045561045/in/album-72157639959761466,"book-cover,1850s,glasgow-scotland"
Revista pintoresca de las provincias Bascongadas. Edicion de lujo. Adornada con vistas ... por S. Lambla. Escrita por L. M. de E. y A. A. y H. Entrega 1-45,https://live.staticflickr.com/3805/11022618324_5ccbe0794c_b.jpg,"Lambla, Julio, Bilbao, 1844",https://www.flickr.com/photos/britishlibrary/11022618324/in/album-72157639959761466,"book-cover,1840s,bilbao"
Revista pintoresca de las provincias Bascongadas. Edicion de lujo. Adornada con vistas ... por S. Lambla. Escrita por L. M. de E. y A. A. y H. Entrega 1-45,https://live.staticflickr.com/3782/11022433255_3f912cbe45_b.jpg,"Lambla, Julio, Bilbao, 1844",https://www.flickr.com/photos/britishlibrary/11022433255/in/album-72157639959761466,"book-cover,1840s,bilbao"
"Forschungen auf dem Gebiete der Rheinischen und Westphälischen Geschichte, etc",https://live.staticflickr.com/5504/11067056743_c37902b3e6_b.jpg,"Fahne, Anton, Cöln, 1864",https://www.flickr.com/photos/britishlibrary/11067056743/in/album-72157639959761466,"book-cover,1860s,cöln"
Revista pintoresca de las provincias Bascongadas. Edicion de lujo. Adornada con vistas ... por S. Lambla. Escrita por L. M. de E. y A. A. y H. Entrega 1-45,https://live.staticflickr.com/3682/11022126635_fa4c19fb54_b.jpg,"Lambla, Julio, Bilbao, 1844",https://www.flickr.com/photos/britishlibrary/11022126635/in/album-72157639959761466,"book-cover,1840s,bilbao"
Half Hours of English History selected and illustrated by C. K,https://live.staticflickr.com/2880/11037460415_3d229ffff0_b.jpg,"Knight, Charles, 1791-1873, London (England), 1851",https://www.flickr.com/photos/britishlibrary/11037460415/in/album-72157639959761466,"book-cover,1850s,london-england"
Revista pintoresca de las provincias Bascongadas. Edicion de lujo. Adornada con vistas ... por S. Lambla. Escrita por L. M. de E. y A. A. y H. Entrega 1-45,https://live.staticflickr.com/3774/11023064035_ca8527bebd_b.jpg,"Lambla, Julio, Bilbao, 1844",https://www.flickr.com/photos/britishlibrary/11023064035/in/album-72157639959761466,"book-cover,1840s,bilbao"
Revista pintoresca de las provincias Bascongadas. Edicion de lujo. Adornada con vistas ... por S. Lambla. Escrita por L. M. de E. y A. A. y H. Entrega 1-45,https://live.staticflickr.com/7309/11022925785_6fc126c2bb_b.jpg,"Lambla, Julio, Bilbao, 1844",https://www.flickr.com/photos/britishlibrary/11022925785/in/album-72157639959761466,"book-cover,1840s,bilbao"
Cassell's Illustrated History of the Russo-Turkish War,https://live.staticflickr.com/7384/11237446345_0c14b0307c_b.jpg,"Ollier, Edmund, Cassell, London (England), 1896",https://www.flickr.com/photos/britishlibrary/11237446345/in/album-72157639959761466,"book-cover,1890s,london-england"
"Lives of Eminent and Illustrious Englishmen, from Alfred the Great to the latest times. On an original plan. Edited by G. G. Cunningham. Illustrated by a series of ... portraits, etc",https://live.staticflickr.com/2819/11064380384_3417917a2c_b.jpg,"Cunningham, George Godfrey, A. Fullarton Edition: Another edition, The English Nation, or a History of England in the lives of Englishmen, etc, Edinburgh ; London (England ; Scotland), 1863",https://www.flickr.com/photos/britishlibrary/11064380384/in/album-72157639959761466,"book-cover,1860s,edinburgh-london-england-scotland"
Revista pintoresca de las provincias Bascongadas. Edicion de lujo. Adornada con vistas ... por S. Lambla. Escrita por L. M. de E. y A. A. y H. Entrega 1-45,https://live.staticflickr.com/7305/11022186514_b79616ec8e_b.jpg,"Lambla, Julio, Bilbao, 1844",https://www.flickr.com/photos/britishlibrary/11022186514/in/album-72157639959761466,"book-cover,1840s,bilbao"
The Aldine 'O'er Land and Sea.' Library,https://live.staticflickr.com/2821/11203910134_a3745349ed_b.jpg,"Aldine Publishing, London (England), 1890",https://www.flickr.com/photos/britishlibrary/11203910134/in/album-72157639959761466,"book-cover,1890s,london-england"
"The British Colonies; their history, extent, condition, and resources",https://live.staticflickr.com/5533/11036916424_196bc87e13_b.jpg,"Martin, Robert Montgomery, approximately 1803-1868, London ; New York (England ; United States of America), 1851",https://www.flickr.com/photos/britishlibrary/11036916424/in/album-72157639959761466,"book-cover,1850s,london-new-york-england-united-states-of-america"
Revista pintoresca de las provincias Bascongadas. Edicion de lujo. Adornada con vistas ... por S. Lambla. Escrita por L. M. de E. y A. A. y H. Entrega 1-45,https://live.staticflickr.com/2826/11022604876_600b8b7243_b.jpg,"Lambla, Julio, Bilbao, 1844",https://www.flickr.com/photos/britishlibrary/11022604876/in/album-72157639959761466,"book-cover,1840s,bilbao"
Revista pintoresca de las provincias Bascongadas. Edicion de lujo. Adornada con vistas ... por S. Lambla. Escrita por L. M. de E. y A. A. y H. Entrega 1-45,https://live.staticflickr.com/7387/11022517965_5c6a5735a1_b.jpg,"Lambla, Julio, Bilbao, 1844",https://www.flickr.com/photos/britishlibrary/11022517965/in/album-72157639959761466,"book-cover,1840s,bilbao"
The Aldine 'O'er Land and Sea.' Library,https://live.staticflickr.com/3748/11206827684_94ef33fcaf_b.jpg,"Aldine Publishing, London (England), 1890",https://www.flickr.com/photos/britishlibrary/11206827684/in/album-72157639959761466,"book-cover,1890s,london-england"
The Aldine 'O'er Land and Sea.' Library,https://live.staticflickr.com/3793/11206108345_91555790cc_b.jpg,"Aldine Publishing, London (England), 1890",https://www.flickr.com/photos/britishlibrary/11206108345/in/album-72157639959761466,"book-cover,1890s,london-england"
The Aldine 'O'er Land and Sea.' Library,https://live.staticflickr.com/7329/11203511555_90bf1fc0e2_b.jpg,"Aldine Publishing, London (England), 1890",https://www.flickr.com/photos/britishlibrary/11203511555/in/album-72157639959761466,"book-cover,1890s,london-england"
The Aldine 'O'er Land and Sea.' Library,https://live.staticflickr.com/5520/11203014975_3e833a1038_b.jpg,"Aldine Publishing, London (England), 1890",https://www.flickr.com/photos/britishlibrary/11203014975/in/album-72157639959761466,"book-cover,1890s,london-england"
Revista pintoresca de las provincias Bascongadas. Edicion de lujo. Adornada con vistas ... por S. Lambla. Escrita por L. M. de E. y A. A. y H. Entrega 1-45,https://live.staticflickr.com/3825/11022866386_b4cc14118f_b.jpg,"Lambla, Julio, Bilbao, 1844",https://www.flickr.com/photos/britishlibrary/11022866386/in/album-72157639959761466,"book-cover,1840s,bilbao"
"British Library digitised image from page 621 of ""History of the United States of America: ... to the present time [Drawn from Hinton's History, Holmes' 'Annals,' etc.] By T. P. Shaffner [assisted by C. Ball? and others] . Illustrated with steel engraving",https://live.staticflickr.com/5549/11065531426_4d6627d43a_b.jpg,"Ball, Charles, esq, London ; New York (England ; United States of America), 1863",https://www.flickr.com/photos/britishlibrary/11065531426/in/album-72157639959761466,"book-cover,1860s,london-new-york-england-united-states-of-america"
Revista pintoresca de las provincias Bascongadas. Edicion de lujo. Adornada con vistas ... por S. Lambla. Escrita por L. M. de E. y A. A. y H. Entrega 1-45,https://live.staticflickr.com/2852/11022026975_7bcf05b378_b.jpg,"Lambla, Julio, Bilbao, 1844",https://www.flickr.com/photos/britishlibrary/11022026975/in/album-72157639959761466,"book-cover,1840s,bilbao"
Revista pintoresca de las provincias Bascongadas. Edicion de lujo. Adornada con vistas ... por S. Lambla. Escrita por L. M. de E. y A. A. y H. Entrega 1-45,https://live.staticflickr.com/3770/11022974355_af582d9958_b.jpg,"Lambla, Julio, Bilbao, 1844",https://www.flickr.com/photos/britishlibrary/11022974355/in/album-72157639959761466,"book-cover,1840s,bilbao"
"British Library digitised image from page 625 of ""Histoire des Environs de Bruxelles, ou description historique des localités qui formaient autrefois l'ammannie de cette ville par A. W. ... Ouvrage faisant suite à l'Histoire de Bruxelles par A. Henne et A",https://live.staticflickr.com/5521/11036882254_f936b66451_b.jpg,"Wauters, Alphonse, Bruxelles, 1851",https://www.flickr.com/photos/britishlibrary/11036882254/in/album-72157639959761466,"book-cover,1850s,bruxelles"
Revista pintoresca de las provincias Bascongadas. Edicion de lujo. Adornada con vistas ... por S. Lambla. Escrita por L. M. de E. y A. A. y H. Entrega 1-45,https://live.staticflickr.com/3731/11022973766_3865e13fd7_b.jpg,"Lambla, Julio, Bilbao, 1844",https://www.flickr.com/photos/britishlibrary/11022973766/in/album-72157639959761466,"book-cover,1840s,bilbao"
"Lives of Eminent and Illustrious Englishmen, from Alfred the Great to the latest times. On an original plan. Edited by G. G. Cunningham. Illustrated by a series of ... portraits, etc",https://live.staticflickr.com/5511/11065217636_44fde0e792_b.jpg,"Cunningham, George Godfrey, A. Fullarton Edition: Another edition, The English Nation, or a History of England in the lives of Englishmen, etc, Edinburgh ; London (England ; Scotland), 1863",https://www.flickr.com/photos/britishlibrary/11065217636/in/album-72157639959761466,"book-cover,1860s,edinburgh-london-england-scotland"
"Ons Vaderland. Historisch-romanische schetsen uit de vaderlandsche geschiedenis van de vroegste tyden tot op heden, door G. E. G. met medewerking van eenige vaderlandsche geleerden en letterkundigen",https://live.staticflickr.com/3734/11050412686_a7d95de609_b.jpg,"Gerrits, Gerrit Engelberts, Amsterdam, 1856",https://www.flickr.com/photos/britishlibrary/11050412686/in/album-72157639959761466,"book-cover,1850s,amsterdam"
Revista pintoresca de las provincias Bascongadas. Edicion de lujo. Adornada con vistas ... por S. Lambla. Escrita por L. M. de E. y A. A. y H. Entrega 1-45,https://live.staticflickr.com/3787/11022648866_8852cff205_b.jpg,"Lambla, Julio, Bilbao, 1844",https://www.flickr.com/photos/britishlibrary/11022648866/in/album-72157639959761466,"book-cover,1840s,bilbao"
"British Library digitised image from page 629 of ""Az Osztrák-Magyar Monarchia irásban és képben. Rudolf trónörökös főherczeg Ő ... fensége kezdeményezéséből és közremunkálásával. (Die deutsche Ausgabe redigirt ... J. von Weilen, die ungarische M. Jókai.)",https://live.staticflickr.com/5535/11177418284_6d3a67a4d8_b.jpg,"Rudolf, Crown Prince of Austria, 1858-1889, Budapest, 1885",https://www.flickr.com/photos/britishlibrary/11177418284/in/album-72157639959761466,"book-cover,1880s,budapest"
"Genom Sveriges Bygder. Skildringar af vårt land och folk ... Tredje upplagan, genomsedd och tillökad af J. P. Velander. Med 545 illustrationer",https://live.staticflickr.com/7393/11235575195_9ef6f5c6ab_b.jpg,"Hofberg, Johan Herman, Stockholm, 1896",https://www.flickr.com/photos/britishlibrary/11235575195/in/album-72157639959761466,"book-cover,1890s,stockholm"
Revista pintoresca de las provincias Bascongadas. Edicion de lujo. Adornada con vistas ... por S. Lambla. Escrita por L. M. de E. y A. A. y H. Entrega 1-45,https://live.staticflickr.com/2854/11022327816_f15b4701be_b.jpg,"Lambla, Julio, Bilbao, 1844",https://www.flickr.com/photos/britishlibrary/11022327816/in/album-72157639959761466,"book-cover,1840s,bilbao"
"Kulturgeschichte ... Vierte Auflage. Neu bearbeitet von M. von Brandt [and others], etc",https://live.staticflickr.com/2883/11237762385_113429c153_b.jpg,"Hellwald, Friedrich Anton Heller von, Baron, Leipzig, 1896",https://www.flickr.com/photos/britishlibrary/11237762385/in/album-72157639959761466,"book-cover,1890s,leipzig"
Revista pintoresca de las provincias Bascongadas. Edicion de lujo. Adornada con vistas ... por S. Lambla. Escrita por L. M. de E. y A. A. y H. Entrega 1-45,https://live.staticflickr.com/5487/11022562385_0ed0bd46fa_b.jpg,"Lambla, Julio, Bilbao, 1844",https://www.flickr.com/photos/britishlibrary/11022562385/in/album-72157639959761466,"book-cover,1840s,bilbao"
Revista pintoresca de las provincias Bascongadas. Edicion de lujo. Adornada con vistas ... por S. Lambla. Escrita por L. M. de E. y A. A. y H. Entrega 1-45,https://live.staticflickr.com/3796/11022790836_0bc0703a58_b.jpg,"Lambla, Julio, Bilbao, 1844",https://www.flickr.com/photos/britishlibrary/11022790836/in/album-72157639959761466,"book-cover,1840s,bilbao"
"John Cassell's Illustrated History of England. The text, to the Reign of Edward I, by J. F. Smith; and from that period by W. Howitt",https://live.staticflickr.com/3831/11050025716_9c6ff8b467_b.jpg,"Smith, J. F. (John Frederick), 1806-1890, London (England), 1856",https://www.flickr.com/photos/britishlibrary/11050025716/in/album-72157639959761466,"book-cover,1850s,london-england"
"Ons Vaderland. Historisch-romanische schetsen uit de vaderlandsche geschiedenis van de vroegste tyden tot op heden, door G. E. G. met medewerking van eenige vaderlandsche geleerden en letterkundigen",https://live.staticflickr.com/3721/11049758974_ba95ae3a1f_b.jpg,"Gerrits, Gerrit Engelberts, Amsterdam, 1856",https://www.flickr.com/photos/britishlibrary/11049758974/in/album-72157639959761466,"book-cover,1850s,amsterdam"
Revista pintoresca de las provincias Bascongadas. Edicion de lujo. Adornada con vistas ... por S. Lambla. Escrita por L. M. de E. y A. A. y H. Entrega 1-45,https://live.staticflickr.com/2860/11023070303_3bf92d89cf_b.jpg,"Lambla, Julio, Bilbao, 1844",https://www.flickr.com/photos/britishlibrary/11023070303/in/album-72157639959761466,"book-cover,1840s,bilbao"
Revista pintoresca de las provincias Bascongadas. Edicion de lujo. Adornada con vistas ... por S. Lambla. Escrita por L. M. de E. y A. A. y H. Entrega 1-45,https://live.staticflickr.com/5515/11023064196_40ee4bf9ff_b.jpg,"Lambla, Julio, Bilbao, 1844",https://www.flickr.com/photos/britishlibrary/11023064196/in/album-72157639959761466,"book-cover,1840s,bilbao"
Revista pintoresca de las provincias Bascongadas. Edicion de lujo. Adornada con vistas ... por S. Lambla. Escrita por L. M. de E. y A. A. y H. Entrega 1-45,https://live.staticflickr.com/3786/11023212456_7734aa139a_b.jpg,"Lambla, Julio, Bilbao, 1844",https://www.flickr.com/photos/britishlibrary/11023212456/in/album-72157639959761466,"book-cover,1840s,bilbao"
Revista pintoresca de las provincias Bascongadas. Edicion de lujo. Adornada con vistas ... por S. Lambla. Escrita por L. M. de E. y A. A. y H. Entrega 1-45,https://live.staticflickr.com/5483/11023425574_9d6756963e_b.jpg,"Lambla, Julio, Bilbao, 1844",https://www.flickr.com/photos/britishlibrary/11023425574/in/album-72157639959761466,"book-cover,1840s,bilbao"
Revista pintoresca de las provincias Bascongadas. Edicion de lujo. Adornada con vistas ... por S. Lambla. Escrita por L. M. de E. y A. A. y H. Entrega 1-45,https://live.staticflickr.com/2893/11022692325_907d2099b4_b.jpg,"Lambla, Julio, Bilbao, 1844",https://www.flickr.com/photos/britishlibrary/11022692325/in/album-72157639959761466,"book-cover,1840s,bilbao"
Revista pintoresca de las provincias Bascongadas. Edicion de lujo. Adornada con vistas ... por S. Lambla. Escrita por L. M. de E. y A. A. y H. Entrega 1-45,https://live.staticflickr.com/3805/11022577833_df833619c7_b.jpg,"Lambla, Julio, Bilbao, 1844",https://www.flickr.com/photos/britishlibrary/11022577833/in/album-72157639959761466,"book-cover,1840s,bilbao"
Revista pintoresca de las provincias Bascongadas. Edicion de lujo. Adornada con vistas ... por S. Lambla. Escrita por L. M. de E. y A. A. y H. Entrega 1-45,https://live.staticflickr.com/7362/11022982334_ede0d63de0_b.jpg,"Lambla, Julio, Bilbao, 1844",https://www.flickr.com/photos/britishlibrary/11022982334/in/album-72157639959761466,"book-cover,1840s,bilbao"
The History of the County of Monaghan,https://live.staticflickr.com/5507/11133167903_57ecdaebc9_b.jpg,"Shirley, Evelyn Philip, Pickering, London (England), 1879",https://www.flickr.com/photos/britishlibrary/11133167903/in/album-72157639959761466,"book-cover,1870s,london-england"
"The British Colonies; their history, extent, condition, and resources",https://live.staticflickr.com/7436/11035652006_9eaa02b99c_b.jpg,"Martin, Robert Montgomery, approximately 1803-1868, London ; New York (England ; United States of America), 1851",https://www.flickr.com/photos/britishlibrary/11035652006/in/album-72157639959761466,"book-cover,1850s,london-new-york-england-united-states-of-america"
A History of the Scottish People from the earliest times to the ... year ... 1887 [By T. Thomson. Continued by C. Annandale. With illustrations.],https://live.staticflickr.com/3725/11226391394_15c5430ba1_b.jpg,"Thomson, Thomas, Reverend, Blackie, London (England), 1894",https://www.flickr.com/photos/britishlibrary/11226391394/in/album-72157639959761466,"book-cover,1890s,london-england"
"Lives of Eminent and Illustrious Englishmen, from Alfred the Great to the latest times. On an original plan. Edited by G. G. Cunningham. Illustrated by a series of ... portraits, etc",https://live.staticflickr.com/5504/11064228635_25185a55a6_b.jpg,"Cunningham, George Godfrey, A. Fullarton Edition: Another edition, The English Nation, or a History of England in the lives of Englishmen, etc, Edinburgh ; London (England ; Scotland), 1863",https://www.flickr.com/photos/britishlibrary/11064228635/in/album-72157639959761466,"book-cover,1860s,edinburgh-london-england-scotland"
"The British Colonies; their history, extent, condition, and resources",https://live.staticflickr.com/5528/11037040636_b4d97a4847_b.jpg,"Martin, Robert Montgomery, approximately 1803-1868, London ; New York (England ; United States of America), 1851",https://www.flickr.com/photos/britishlibrary/11037040636/in/album-72157639959761466,"book-cover,1850s,london-new-york-england-united-states-of-america"
"The History of England under the reign of George III, George IV, William IV. and Queen Victoria (to ... 1852; by T. G. Continued, to ... 1859 ... by H. Tyrrell)",https://live.staticflickr.com/2819/11045606504_e620b78b6c_b.jpg,"Gaspey, Thomas, 1788-1871, London ; New York (England ; United States of America), 1855",https://www.flickr.com/photos/britishlibrary/11045606504/in/album-72157639959761466,"book-cover,1850s,london-new-york-england-united-states-of-america"
"Lives of Eminent and Illustrious Englishmen, from Alfred the Great to the latest times. On an original plan. Edited by G. G. Cunningham. Illustrated by a series of ... portraits, etc",https://live.staticflickr.com/3755/11064532014_4638a1401f_b.jpg,"Cunningham, George Godfrey, A. Fullarton Edition: Another edition, The English Nation, or a History of England in the lives of Englishmen, etc, Edinburgh ; London (England ; Scotland), 1863",https://www.flickr.com/photos/britishlibrary/11064532014/in/album-72157639959761466,"book-cover,1860s,edinburgh-london-england-scotland"
The Story of Africa and its Explorers [With plates and maps.],https://live.staticflickr.com/2818/11234901995_e36098cdcf_b.jpg,"Brown, Robert, M.A., Ph.D., London (England), 1896",https://www.flickr.com/photos/britishlibrary/11234901995/in/album-72157639959761466,"book-cover,1890s,london-england"
"Weltgeschichte ... Dritte verbesserte Auflage. (Fortgesetzt von Dr. Richard V. Kralik, Bd. 23, etc.)",https://live.staticflickr.com/5548/11205581355_e111f49130_b.jpg,"Kralik Von Meyrswalden, Richard, Graz ; Leipzig, 1890",https://www.flickr.com/photos/britishlibrary/11205581355/in/album-72157639959761466,"book-cover,1890s,graz-leipzig"
"British Library digitised image from page 683 of ""Battles of the United States, by Sea and Land: embracing those of the Revolutionary and Indian Wars, the War of 1812, and the Mexican War; with important official documents ... Illustrated with ... steel e",https://live.staticflickr.com/7405/11054355686_8d95676ac1_b.jpg,"Chappel, Alonzo, 1828-1887, Johnson, Fry, New York (United States of America), 1858",https://www.flickr.com/photos/britishlibrary/11054355686/in/album-72157639959761466,"book-cover,1850s,new-york-united-states-of-america"
Het Koningrijk der Nederlanden voorgesteld in eene reeks van ... schilderachtige gezigten ... en beschreven door J. L. Terwen,https://live.staticflickr.com/5535/11056192295_293d65d7e5_b.jpg,"Terwen, Johannes Leonardus, Gouda, 1858",https://www.flickr.com/photos/britishlibrary/11056192295/in/album-72157639959761466,"book-cover,1850s,gouda"
"Weltgeschichte ... Dritte verbesserte Auflage. (Fortgesetzt von Dr. Richard V. Kralik, Bd. 23, etc.)",https://live.staticflickr.com/3756/11203748335_c249128bb4_b.jpg,"Kralik Von Meyrswalden, Richard, Graz ; Leipzig, 1890",https://www.flickr.com/photos/britishlibrary/11203748335/in/album-72157639959761466,"book-cover,1890s,graz-leipzig"
"British Library digitised image from page 687 of ""Round the world with General Grant. A narrative of the visit of General U. S. Grant ... to various countries ... in 1877, 1878, 1879. To which are added certain conversations with General Grant on question",https://live.staticflickr.com/7390/11129872116_e464f5c611_b.jpg,"Young, John Russell, American News, New York (United States of America), 1879",https://www.flickr.com/photos/britishlibrary/11129872116/in/album-72157639959761466,"book-cover,1870s,new-york-united-states-of-america"
"The British Colonies; their history, extent, condition, and resources",https://live.staticflickr.com/5514/11036519124_6bd2e570e6_b.jpg,"Martin, Robert Montgomery, approximately 1803-1868, London ; New York (England ; United States of America), 1851",https://www.flickr.com/photos/britishlibrary/11036519124/in/album-72157639959761466,"book-cover,1850s,london-new-york-england-united-states-of-america"
"The British Colonies; their history, extent, condition, and resources",https://live.staticflickr.com/5495/11035694136_de5dfebe79_b.jpg,"Martin, Robert Montgomery, approximately 1803-1868, London ; New York (England ; United States of America), 1851",https://www.flickr.com/photos/britishlibrary/11035694136/in/album-72157639959761466,"book-cover,1850s,london-new-york-england-united-states-of-america"
"Weltgeschichte ... Dritte verbesserte Auflage. (Fortgesetzt von Dr. Richard V. Kralik, Bd. 23, etc.)",https://live.staticflickr.com/2864/11206909406_6d88217e74_b.jpg,"Kralik Von Meyrswalden, Richard, Graz ; Leipzig, 1890",https://www.flickr.com/photos/britishlibrary/11206909406/in/album-72157639959761466,"book-cover,1890s,graz-leipzig"
The Story of Africa and its Explorers [With plates and maps.],https://live.staticflickr.com/7321/11219239044_774e09738e_b.jpg,"Brown, Robert, 1842-1895, Cassell, London (England), 1892",https://www.flickr.com/photos/britishlibrary/11219239044/in/album-72157639959761466,"book-cover,1890s,london-england"
"Weltgeschichte ... Dritte verbesserte Auflage. (Fortgesetzt von Dr. Richard V. Kralik, Bd. 23, etc.)",https://live.staticflickr.com/7386/11204291783_b5b4c9a76b_b.jpg,"Kralik Von Meyrswalden, Richard, Graz ; Leipzig, 1890",https://www.flickr.com/photos/britishlibrary/11204291783/in/album-72157639959761466,"book-cover,1890s,graz-leipzig"
"Weltgeschichte ... Dritte verbesserte Auflage. (Fortgesetzt von Dr. Richard V. Kralik, Bd. 23, etc.)",https://live.staticflickr.com/5501/11203066816_e23426c977_b.jpg,"Kralik Von Meyrswalden, Richard, Graz ; Leipzig, 1890",https://www.flickr.com/photos/britishlibrary/11203066816/in/album-72157639959761466,"book-cover,1890s,graz-leipzig"
"Weltgeschichte ... Dritte verbesserte Auflage. (Fortgesetzt von Dr. Richard V. Kralik, Bd. 23, etc.)",https://live.staticflickr.com/7353/11203728444_15e6cef5f6_b.jpg,"Kralik Von Meyrswalden, Richard, Graz ; Leipzig, 1890",https://www.flickr.com/photos/britishlibrary/11203728444/in/album-72157639959761466,"book-cover,1890s,graz-leipzig"
"Weltgeschichte ... Dritte verbesserte Auflage. (Fortgesetzt von Dr. Richard V. Kralik, Bd. 23, etc.)",https://live.staticflickr.com/3744/11203485756_87f1da6ff7_b.jpg,"Kralik Von Meyrswalden, Richard, Graz ; Leipzig, 1890",https://www.flickr.com/photos/britishlibrary/11203485756/in/album-72157639959761466,"book-cover,1890s,graz-leipzig"
"A Cyclopædia of Geography, descriptive and physical, forming a new general gazetteer of the world and dictionary of pronunciation, etc",https://live.staticflickr.com/5512/11064091825_8c89b61e86_b.jpg,"Bryce, James, f.g.s, C. Griffin Edition: Another edition, The Family Gazetteer, and Atlas of the World, The atlas by W. and A. K. Johnston. Third edition, thoroughly revised, London (England), 1862",https://www.flickr.com/photos/britishlibrary/11064091825/in/album-72157639959761466,"book-cover,1860s,london-england"
"Weltgeschichte ... Dritte verbesserte Auflage. (Fortgesetzt von Dr. Richard V. Kralik, Bd. 23, etc.)",https://live.staticflickr.com/7457/11203579656_650fdc64e6_b.jpg,"Kralik Von Meyrswalden, Richard, Graz ; Leipzig, 1890",https://www.flickr.com/photos/britishlibrary/11203579656/in/album-72157639959761466,"book-cover,1890s,graz-leipzig"
"Weltgeschichte ... Dritte verbesserte Auflage. (Fortgesetzt von Dr. Richard V. Kralik, Bd. 23, etc.)",https://live.staticflickr.com/5497/11203433793_bf665044c4_b.jpg,"Kralik Von Meyrswalden, Richard, Graz ; Leipzig, 1890",https://www.flickr.com/photos/britishlibrary/11203433793/in/album-72157639959761466,"book-cover,1890s,graz-leipzig"
"Lives of Eminent and Illustrious Englishmen, from Alfred the Great to the latest times. On an original plan. Edited by G. G. Cunningham. Illustrated by a series of ... portraits, etc",https://live.staticflickr.com/7293/11064720934_72b731a692_b.jpg,"Cunningham, George Godfrey, A. Fullarton Edition: Another edition, The English Nation, or a History of England in the lives of Englishmen, etc, Edinburgh ; London (England ; Scotland), 1863",https://www.flickr.com/photos/britishlibrary/11064720934/in/album-72157639959761466,"book-cover,1860s,edinburgh-london-england-scotland"
Baranya multja és jelenje [With illustrations and a map.],https://live.staticflickr.com/3762/11237536515_3cf69e7644_b.jpg,"Várady, Ferenc, 1860-1945, Pécsett, 1896",https://www.flickr.com/photos/britishlibrary/11237536515/in/album-72157639959761466,"book-cover,1890s,pécsett"
"Weltgeschichte ... Dritte verbesserte Auflage. (Fortgesetzt von Dr. Richard V. Kralik, Bd. 23, etc.)",https://live.staticflickr.com/5515/11203601663_fbe6b42ea2_b.jpg,"Kralik Von Meyrswalden, Richard, Graz ; Leipzig, 1890",https://www.flickr.com/photos/britishlibrary/11203601663/in/album-72157639959761466,"book-cover,1890s,graz-leipzig"
"The British Colonies; their history, extent, condition, and resources",https://live.staticflickr.com/2836/11035485504_87555c4328_b.jpg,"Martin, Robert Montgomery, approximately 1803-1868, London ; New York (England ; United States of America), 1851",https://www.flickr.com/photos/britishlibrary/11035485504/in/album-72157639959761466,"book-cover,1850s,london-new-york-england-united-states-of-america"
Was man von der Erde weiss. Ein Lehrbuch zur Selbstbelehrung für die Gebildeten aller Stände,https://live.staticflickr.com/5541/11050921934_0ab595b11c_b.jpg,"Berghaus, Heinrich Carl Wilhelm, Berlin, 1856",https://www.flickr.com/photos/britishlibrary/11050921934/in/album-72157639959761466,"book-cover,1850s,berlin"
Baranya multja és jelenje [With illustrations and a map.],https://live.staticflickr.com/3698/11236493094_0c77739aa9_b.jpg,"Várady, Ferenc, 1860-1945, Pécsett, 1896",https://www.flickr.com/photos/britishlibrary/11236493094/in/album-72157639959761466,"book-cover,1890s,pécsett"
A History of the Scottish People from the earliest times to the ... year ... 1887 [By T. Thomson. Continued by C. Annandale. With illustrations.],https://live.staticflickr.com/7424/11227268734_4941b65d51_b.jpg,"Thomson, Thomas, Reverend, Blackie, London (England), 1894",https://www.flickr.com/photos/britishlibrary/11227268734/in/album-72157639959761466,"book-cover,1890s,london-england"
Baranya multja és jelenje [With illustrations and a map.],https://live.staticflickr.com/3697/11239145975_a0a5377e88_b.jpg,"Várady, Ferenc, 1860-1945, Pécsett, 1896",https://www.flickr.com/photos/britishlibrary/11239145975/in/album-72157639959761466,"book-cover,1890s,pécsett"
A History of the Scottish People from the earliest times to the ... year ... 1887 [By T. Thomson. Continued by C. Annandale. With illustrations.],https://live.staticflickr.com/3737/11229426774_e3e54fdf2a_b.jpg,"Thomson, Thomas, Reverend, Blackie, London (England), 1894",https://www.flickr.com/photos/britishlibrary/11229426774/in/album-72157639959761466,"book-cover,1890s,london-england"
"Lives of Eminent and Illustrious Englishmen, from Alfred the Great to the latest times. On an original plan. Edited by G. G. Cunningham. Illustrated by a series of ... portraits, etc",https://live.staticflickr.com/5493/11065092134_f0468abb38_b.jpg,"Cunningham, George Godfrey, A. Fullarton Edition: Another edition, The English Nation, or a History of England in the lives of Englishmen, etc, Edinburgh ; London (England ; Scotland), 1863",https://www.flickr.com/photos/britishlibrary/11065092134/in/album-72157639959761466,"book-cover,1860s,edinburgh-london-england-scotland"
"The British Colonies; their history, extent, condition, and resources",https://live.staticflickr.com/5512/11035993326_e6805e3bd0_b.jpg,"Martin, Robert Montgomery, approximately 1803-1868, London ; New York (England ; United States of America), 1851",https://www.flickr.com/photos/britishlibrary/11035993326/in/album-72157639959761466,"book-cover,1850s,london-new-york-england-united-states-of-america"
"Lives of Eminent and Illustrious Englishmen, from Alfred the Great to the latest times. On an original plan. Edited by G. G. Cunningham. Illustrated by a series of ... portraits, etc",https://live.staticflickr.com/2833/11064911235_ba67c36840_b.jpg,"Cunningham, George Godfrey, A. Fullarton Edition: Another edition, The English Nation, or a History of England in the lives of Englishmen, etc, Edinburgh ; London (England ; Scotland), 1863",https://www.flickr.com/photos/britishlibrary/11064911235/in/album-72157639959761466,"book-cover,1860s,edinburgh-london-england-scotland"
"British Library digitised image from page 757 of ""Az Osztrák-Magyar Monarchia irásban és képben. Rudolf trónörökös főherczeg Ő ... fensége kezdeményezéséből és közremunkálásával. (Die deutsche Ausgabe redigirt ... J. von Weilen, die ungarische M. Jókai.)",https://live.staticflickr.com/3756/11176627366_db11bc5d2b_b.jpg,"Rudolf, Crown Prince of Austria, 1858-1889, Budapest, 1885",https://www.flickr.com/photos/britishlibrary/11176627366/in/album-72157639959761466,"book-cover,1880s,budapest"
"The British Colonies; their history, extent, condition, and resources",https://live.staticflickr.com/3823/11036347903_00bcd9cc4a_b.jpg,"Martin, Robert Montgomery, approximately 1803-1868, London ; New York (England ; United States of America), 1851",https://www.flickr.com/photos/britishlibrary/11036347903/in/album-72157639959761466,"book-cover,1850s,london-new-york-england-united-states-of-america"
Deutsche National-Bibliothek. Volksthümliche Bilder und Erzählungen aus Deutschlands Vergangenheit und Gegenwart. Herausgegeben von F. Schmidt. Bd. 1-12,https://live.staticflickr.com/3782/11068045706_d692d1e066_b.jpg,"Schmidt, Ferdinand, jugendschriftsteller, Berlin, 1864",https://www.flickr.com/photos/britishlibrary/11068045706/in/album-72157639959761466,"book-cover,1860s,berlin"
"The British Colonies; their history, extent, condition, and resources",https://live.staticflickr.com/3728/11035571023_c0b52a3420_b.jpg,"Martin, Robert Montgomery, approximately 1803-1868, London ; New York (England ; United States of America), 1851",https://www.flickr.com/photos/britishlibrary/11035571023/in/album-72157639959761466,"book-cover,1850s,london-new-york-england-united-states-of-america"
"Weltgeschichte ... Dritte verbesserte Auflage. (Fortgesetzt von Dr. Richard V. Kralik, Bd. 23, etc.)",https://live.staticflickr.com/3764/11204926853_ffd57e0123_b.jpg,"Kralik Von Meyrswalden, Richard, Graz ; Leipzig, 1890",https://www.flickr.com/photos/britishlibrary/11204926853/in/album-72157639959761466,"book-cover,1890s,graz-leipzig"
"Weltgeschichte ... Dritte verbesserte Auflage. (Fortgesetzt von Dr. Richard V. Kralik, Bd. 23, etc.)",https://live.staticflickr.com/3700/11206901415_c8063f62f3_b.jpg,"Kralik Von Meyrswalden, Richard, Graz ; Leipzig, 1890",https://www.flickr.com/photos/britishlibrary/11206901415/in/album-72157639959761466,"book-cover,1890s,graz-leipzig"
"Weltgeschichte ... Dritte verbesserte Auflage. (Fortgesetzt von Dr. Richard V. Kralik, Bd. 23, etc.)",https://live.staticflickr.com/7407/11204372935_7071ab4443_b.jpg,"Kralik Von Meyrswalden, Richard, Graz ; Leipzig, 1890",https://www.flickr.com/photos/britishlibrary/11204372935/in/album-72157639959761466,"book-cover,1890s,graz-leipzig"
"Illustrated Battles of the Nineteenth Century [By Archibald Forbes, Major Arthur Griffiths, and others.]",https://live.staticflickr.com/2869/11232717563_cd69f794d8_b.jpg,"Forbes, Archibald, correspondent, Cassell, London (England), 1895",https://www.flickr.com/photos/britishlibrary/11232717563/in/album-72157639959761466,"book-cover,1890s,london-england"
"Lives of Eminent and Illustrious Englishmen, from Alfred the Great to the latest times. On an original plan. Edited by G. G. Cunningham. Illustrated by a series of ... portraits, etc",https://live.staticflickr.com/3723/11065104753_4b8e4b46d0_b.jpg,"Cunningham, George Godfrey, A. Fullarton Edition: Another edition, The English Nation, or a History of England in the lives of Englishmen, etc, Edinburgh ; London (England ; Scotland), 1863",https://www.flickr.com/photos/britishlibrary/11065104753/in/album-72157639959761466,"book-cover,1860s,edinburgh-london-england-scotland"
"Dizionario geografico storico-statistico-commerciale degli stati di S. M. il Rè di Sardegna, etc [With six maps.]",https://live.staticflickr.com/2893/11009820474_4dfa239543_b.jpg,"Casalis, Goffredo, Torino, 1833",https://www.flickr.com/photos/britishlibrary/11009820474/in/album-72157639959761466,"book-cover,1830s,torino"
"Weltgeschichte ... Dritte verbesserte Auflage. (Fortgesetzt von Dr. Richard V. Kralik, Bd. 23, etc.)",https://live.staticflickr.com/7327/11204840996_48601b8b4b_b.jpg,"Kralik Von Meyrswalden, Richard, Graz ; Leipzig, 1890",https://www.flickr.com/photos/britishlibrary/11204840996/in/album-72157639959761466,"book-cover,1890s,graz-leipzig"
"Dizionario geografico storico-statistico-commerciale degli stati di S. M. il Rè di Sardegna, etc [With six maps.]",https://live.staticflickr.com/3782/11008866775_1c6c63386d_b.jpg,"Casalis, Goffredo, Torino, 1833",https://www.flickr.com/photos/britishlibrary/11008866775/in/album-72157639959761466,"book-cover,1830s,torino"
"British Library digitised image from page 807 of ""Geschichte Bayerns. Unter Zugrundelegung von Lorenz von Westenrieders bayerischer Geschichte neu bearbeitet, dem Volke erzählt, und mit Beigaben aus der bayerischen Culturgeschichte und Sage versehen. ...",https://live.staticflickr.com/5480/11106933145_af8fc47412_b.jpg,"Mayer, Josef Maria, Regensburg, 1874",https://www.flickr.com/photos/britishlibrary/11106933145/in/album-72157639959761466,"book-cover,1870s,regensburg"
"Weltgeschichte ... Dritte verbesserte Auflage. (Fortgesetzt von Dr. Richard V. Kralik, Bd. 23, etc.)",https://live.staticflickr.com/3831/11203508946_8e429a7a68_b.jpg,"Kralik Von Meyrswalden, Richard, Graz ; Leipzig, 1890",https://www.flickr.com/photos/britishlibrary/11203508946/in/album-72157639959761466,"book-cover,1890s,graz-leipzig"
"Dizionario geografico storico-statistico-commerciale degli stati di S. M. il Rè di Sardegna, etc [With six maps.]",https://live.staticflickr.com/5493/11009168943_d982ace39b_b.jpg,"Casalis, Goffredo, Torino, 1833",https://www.flickr.com/photos/britishlibrary/11009168943/in/album-72157639959761466,"book-cover,1830s,torino"
"Weltgeschichte ... Dritte verbesserte Auflage. (Fortgesetzt von Dr. Richard V. Kralik, Bd. 23, etc.)",https://live.staticflickr.com/7292/11205822665_f7c7f36660_b.jpg,"Kralik Von Meyrswalden, Richard, Graz ; Leipzig, 1890",https://www.flickr.com/photos/britishlibrary/11205822665/in/album-72157639959761466,"book-cover,1890s,graz-leipzig"
"Weltgeschichte ... Dritte verbesserte Auflage. (Fortgesetzt von Dr. Richard V. Kralik, Bd. 23, etc.)",https://live.staticflickr.com/3740/11204001366_98369870e6_b.jpg,"Kralik Von Meyrswalden, Richard, Graz ; Leipzig, 1890",https://www.flickr.com/photos/britishlibrary/11204001366/in/album-72157639959761466,"book-cover,1890s,graz-leipzig"
"Weltgeschichte ... Dritte verbesserte Auflage. (Fortgesetzt von Dr. Richard V. Kralik, Bd. 23, etc.)",https://live.staticflickr.com/3694/11202971326_5c8028aafe_b.jpg,"Kralik Von Meyrswalden, Richard, Graz ; Leipzig, 1890",https://www.flickr.com/photos/britishlibrary/11202971326/in/album-72157639959761466,"book-cover,1890s,graz-leipzig"
"The British Colonies; their history, extent, condition, and resources",https://live.staticflickr.com/5522/11035143784_6bf7785118_b.jpg,"Martin, Robert Montgomery, approximately 1803-1868, London ; New York (England ; United States of America), 1851",https://www.flickr.com/photos/britishlibrary/11035143784/in/album-72157639959761466,"book-cover,1850s,london-new-york-england-united-states-of-america"
"Grande illustrazione del Lombardo-Veneto, ossia Storia delle città, dei borghi, communi, castelli, ecc. fino ai tempi moderni, per cura di C. Cantù e d'altri letterati. Seconda edizione",https://live.staticflickr.com/3794/11055547016_311354955c_b.jpg,"Cantù, Cesare, 1804-1895, Milano, 1858",https://www.flickr.com/photos/britishlibrary/11055547016/in/album-72157639959761466,"book-cover,1850s,milano"
Haandbog i Verdenshistorien ... Udarbejdet paar Grundlag af G. Webers: 'Lehrbuch der Weltgeschichte' 20 Oplag,https://live.staticflickr.com/2866/11203538346_67e9545d93_b.jpg,"Weber, Georg, 1808-1888, København, 1890",https://www.flickr.com/photos/britishlibrary/11203538346/in/album-72157639959761466,"book-cover,1890s,københavn"
"Weltgeschichte ... Dritte verbesserte Auflage. (Fortgesetzt von Dr. Richard V. Kralik, Bd. 23, etc.)",https://live.staticflickr.com/5550/11207474124_ff0f617e72_b.jpg,"Kralik Von Meyrswalden, Richard, Graz ; Leipzig, 1890",https://www.flickr.com/photos/britishlibrary/11207474124/in/album-72157639959761466,"book-cover,1890s,graz-leipzig"
"Geschichte der Stadt Köln, meist aus den Quellen des Kölner Stadt-Archivs",https://live.staticflickr.com/7339/11064724866_444aa2db17_b.jpg,"Ennen, Leonard, Köln & Neuss, 1863",https://www.flickr.com/photos/britishlibrary/11064724866/in/album-72157639959761466,"book-cover,1860s"
"Weltgeschichte ... Dritte verbesserte Auflage. (Fortgesetzt von Dr. Richard V. Kralik, Bd. 23, etc.)",https://live.staticflickr.com/2810/11203114495_12b45a4b18_b.jpg,"Kralik Von Meyrswalden, Richard, Graz ; Leipzig, 1890",https://www.flickr.com/photos/britishlibrary/11203114495/in/album-72157639959761466,"book-cover,1890s,graz-leipzig"
Historiske Afhandlinger,https://live.staticflickr.com/5540/11249092026_744d5593c0_b.jpg,"Jørgensen, Adolf Ditlev, København, 1898",https://www.flickr.com/photos/britishlibrary/11249092026/in/album-72157639959761466,"book-cover,1890s,københavn"
"Weltgeschichte ... Dritte verbesserte Auflage. (Fortgesetzt von Dr. Richard V. Kralik, Bd. 23, etc.)",https://live.staticflickr.com/3691/11203553834_35e3375478_b.jpg,"Kralik Von Meyrswalden, Richard, Graz ; Leipzig, 1890",https://www.flickr.com/photos/britishlibrary/11203553834/in/album-72157639959761466,"book-cover,1890s,graz-leipzig"
A magyar nemzet tortenete. Szerkeszti Szilágyi S [With maps and illustrations.],https://live.staticflickr.com/5500/11233864554_6e22917d79_b.jpg,"Szilágyi, Sándor, 1827-1899, Budapest, 1895",https://www.flickr.com/photos/britishlibrary/11233864554/in/album-72157639959761466,"book-cover,1890s,budapest"
"Grande illustrazione del Lombardo-Veneto, ossia Storia delle città, dei borghi, communi, castelli, ecc. fino ai tempi moderni, per cura di C. Cantù e d'altri letterati. Seconda edizione",https://live.staticflickr.com/7336/11056696416_26c1b0881e_b.jpg,"Cantù, Cesare, 1804-1895, Milano, 1858",https://www.flickr.com/photos/britishlibrary/11056696416/in/album-72157639959761466,"book-cover,1850s,milano"
"Weltgeschichte ... Dritte verbesserte Auflage. (Fortgesetzt von Dr. Richard V. Kralik, Bd. 23, etc.)",https://live.staticflickr.com/5508/11203423486_f29711ec26_b.jpg,"Kralik Von Meyrswalden, Richard, Graz ; Leipzig, 1890",https://www.flickr.com/photos/britishlibrary/11203423486/in/album-72157639959761466,"book-cover,1890s,graz-leipzig"
"Beeton's Dictionary of Geography. A universal gazetteer. Illustrated by maps, etc",https://live.staticflickr.com/5478/11084881195_7f8b738abb_b.jpg,"Beeton, Samuel Orchart, Ward, Lock, London (England), 1868",https://www.flickr.com/photos/britishlibrary/11084881195/in/album-72157639959761466,"book-cover,1860s,london-england"
"The British Colonies; their history, extent, condition, and resources",https://live.staticflickr.com/3694/11035188503_f6177e6231_b.jpg,"Martin, Robert Montgomery, approximately 1803-1868, London ; New York (England ; United States of America), 1851",https://www.flickr.com/photos/britishlibrary/11035188503/in/album-72157639959761466,"book-cover,1850s,london-new-york-england-united-states-of-america"
"Grande illustrazione del Lombardo-Veneto, ossia Storia delle città, dei borghi, communi, castelli, ecc. fino ai tempi moderni, per cura di C. Cantù e d'altri letterati. Seconda edizione",https://live.staticflickr.com/7377/11055607716_74938af8a4_b.jpg,"Cantù, Cesare, 1804-1895, Milano, 1858",https://www.flickr.com/photos/britishlibrary/11055607716/in/album-72157639959761466,"book-cover,1850s,milano"
"Grande illustrazione del Lombardo-Veneto, ossia Storia delle città, dei borghi, communi, castelli, ecc. fino ai tempi moderni, per cura di C. Cantù e d'altri letterati. Seconda edizione",https://live.staticflickr.com/5519/11054340175_07c802fe00_b.jpg,"Cantù, Cesare, 1804-1895, Milano, 1858",https://www.flickr.com/photos/britishlibrary/11054340175/in/album-72157639959761466,"book-cover,1850s,milano"
"Grande illustrazione del Lombardo-Veneto, ossia Storia delle città, dei borghi, communi, castelli, ecc. fino ai tempi moderni, per cura di C. Cantù e d'altri letterati. Seconda edizione",https://live.staticflickr.com/7402/11056685006_fd95c4db15_b.jpg,"Cantù, Cesare, 1804-1895, Milano, 1858",https://www.flickr.com/photos/britishlibrary/11056685006/in/album-72157639959761466,"book-cover,1850s,milano"
"Weltgeschichte ... Dritte verbesserte Auflage. (Fortgesetzt von Dr. Richard V. Kralik, Bd. 23, etc.)",https://live.staticflickr.com/5508/11204127745_c084de853d_b.jpg,"Kralik Von Meyrswalden, Richard, Graz ; Leipzig, 1890",https://www.flickr.com/photos/britishlibrary/11204127745/in/album-72157639959761466,"book-cover,1890s,graz-leipzig"
"Grande illustrazione del Lombardo-Veneto, ossia Storia delle città, dei borghi, communi, castelli, ecc. fino ai tempi moderni, per cura di C. Cantù e d'altri letterati. Seconda edizione",https://live.staticflickr.com/2841/11056111054_77dd759261_b.jpg,"Cantù, Cesare, 1804-1895, Milano, 1858",https://www.flickr.com/photos/britishlibrary/11056111054/in/album-72157639959761466,"book-cover,1850s,milano"
"Grande illustrazione del Lombardo-Veneto, ossia Storia delle città, dei borghi, communi, castelli, ecc. fino ai tempi moderni, per cura di C. Cantù e d'altri letterati. Seconda edizione",https://live.staticflickr.com/2854/11054211804_8761c1bd87_b.jpg,"Cantù, Cesare, 1804-1895, Milano, 1858",https://www.flickr.com/photos/britishlibrary/11054211804/in/album-72157639959761466,"book-cover,1850s,milano"
"Weltgeschichte ... Dritte verbesserte Auflage. (Fortgesetzt von Dr. Richard V. Kralik, Bd. 23, etc.)",https://live.staticflickr.com/7313/11204981256_04bb2e8b87_b.jpg,"Kralik Von Meyrswalden, Richard, Graz ; Leipzig, 1890",https://www.flickr.com/photos/britishlibrary/11204981256/in/album-72157639959761466,"book-cover,1890s,graz-leipzig"
"The British Colonies; their history, extent, condition, and resources",https://live.staticflickr.com/2831/11036041833_3bc4b78837_b.jpg,"Martin, Robert Montgomery, approximately 1803-1868, London ; New York (England ; United States of America), 1851",https://www.flickr.com/photos/britishlibrary/11036041833/in/album-72157639959761466,"book-cover,1850s,london-new-york-england-united-states-of-america"
"Grande illustrazione del Lombardo-Veneto, ossia Storia delle città, dei borghi, communi, castelli, ecc. fino ai tempi moderni, per cura di C. Cantù e d'altri letterati. Seconda edizione",https://live.staticflickr.com/3722/11054607183_761f0ec570_b.jpg,"Cantù, Cesare, 1804-1895, Milano, 1858",https://www.flickr.com/photos/britishlibrary/11054607183/in/album-72157639959761466,"book-cover,1850s,milano"
"The British Colonies; their history, extent, condition, and resources",https://live.staticflickr.com/3721/11037414583_08c80e3290_b.jpg,"Martin, Robert Montgomery, approximately 1803-1868, London ; New York (England ; United States of America), 1851",https://www.flickr.com/photos/britishlibrary/11037414583/in/album-72157639959761466,"book-cover,1850s,london-new-york-england-united-states-of-america"
"A Cyclopædia of Geography, descriptive and physical, forming a new general gazetteer of the world and dictionary of pronunciation, etc",https://live.staticflickr.com/3799/11063619994_f4e105f165_b.jpg,"Bryce, James, f.g.s, C. Griffin Edition: Another edition, The Family Gazetteer, and Atlas of the World, The atlas by W. and A. K. Johnston. Third edition, thoroughly revised, London (England), 1862",https://www.flickr.com/photos/britishlibrary/11063619994/in/album-72157639959761466,"book-cover,1860s,london-england"
"Grande illustrazione del Lombardo-Veneto, ossia Storia delle città, dei borghi, communi, castelli, ecc. fino ai tempi moderni, per cura di C. Cantù e d'altri letterati. Seconda edizione",https://live.staticflickr.com/2878/11054957634_b84894bccf_b.jpg,"Cantù, Cesare, 1804-1895, Milano, 1858",https://www.flickr.com/photos/britishlibrary/11054957634/in/album-72157639959761466,"book-cover,1850s,milano"
"Geschichte der Stadt Köln, meist aus den Quellen des Kölner Stadt-Archivs",https://live.staticflickr.com/3760/11065304695_4e19266cef_b.jpg,"Ennen, Leonard, Köln & Neuss, 1863",https://www.flickr.com/photos/britishlibrary/11065304695/in/album-72157639959761466,"book-cover,1860s"
"The British Colonies; their history, extent, condition, and resources",https://live.staticflickr.com/3818/11037220704_d346553d55_b.jpg,"Martin, Robert Montgomery, approximately 1803-1868, London ; New York (England ; United States of America), 1851",https://www.flickr.com/photos/britishlibrary/11037220704/in/album-72157639959761466,"book-cover,1850s,london-new-york-england-united-states-of-america"
"The British Colonies; their history, extent, condition, and resources",https://live.staticflickr.com/5473/11037291993_c1fe316ae0_b.jpg,"Martin, Robert Montgomery, approximately 1803-1868, London ; New York (England ; United States of America), 1851",https://www.flickr.com/photos/britishlibrary/11037291993/in/album-72157639959761466,"book-cover,1850s,london-new-york-england-united-states-of-america"
"Grande illustrazione del Lombardo-Veneto, ossia Storia delle città, dei borghi, communi, castelli, ecc. fino ai tempi moderni, per cura di C. Cantù e d'altri letterati. Seconda edizione",https://live.staticflickr.com/7294/11053781464_aae31762ac_b.jpg,"Cantù, Cesare, 1804-1895, Milano, 1858",https://www.flickr.com/photos/britishlibrary/11053781464/in/album-72157639959761466,"book-cover,1850s,milano"
"The British Colonies; their history, extent, condition, and resources",https://live.staticflickr.com/3739/11037499815_1987103d00_b.jpg,"Martin, Robert Montgomery, approximately 1803-1868, London ; New York (England ; United States of America), 1851",https://www.flickr.com/photos/britishlibrary/11037499815/in/album-72157639959761466,"book-cover,1850s,london-new-york-england-united-states-of-america"
"Годъ въ чужихъ краяхъ, 1839: дорожный дневникъ",https://live.staticflickr.com/2819/11023208983_375e7027ec_b.jpg,"Pogodin, Mikhail Petrovich, Москва, 1844",https://www.flickr.com/photos/britishlibrary/11023208983/in/album-72157639959761466,"book-cover,1840s,москва"
"Der Mensch, die Räthsel und Wunder seiner Natur. ... Vierte Auflage",https://live.staticflickr.com/7427/11068140726_1e2e613717_b.jpg,"Zimmermann, W. F. A., pseudonym [i.e. W. F. Volliner], Berlin, 1864",https://www.flickr.com/photos/britishlibrary/11068140726/in/album-72157639959761466,"book-cover,1860s,berlin"
"Grande illustrazione del Lombardo-Veneto, ossia Storia delle città, dei borghi, communi, castelli, ecc. fino ai tempi moderni, per cura di C. Cantù e d'altri letterati. Seconda edizione",https://live.staticflickr.com/5472/11055264583_071dbd0331_b.jpg,"Cantù, Cesare, 1804-1895, Milano, 1858",https://www.flickr.com/photos/britishlibrary/11055264583/in/album-72157639959761466,"book-cover,1850s,milano"
"Handelsgeographie zum Gebrauche für Kaufleute, Fabrikanten, etc",https://live.staticflickr.com/7313/11014359166_c8b31b1066_b.jpg,"Becher, Siegfried, Doktor der Rechte, Wien, 1837",https://www.flickr.com/photos/britishlibrary/11014359166/in/album-72157639959761466,"book-cover,1830s,wien"
Fortællinger af Fædrelandets Historie,https://live.staticflickr.com/7430/11075024114_8488e2ffac_b.jpg,"Barfod, Povl Frederik, Kjøbenhavn, 1867",https://www.flickr.com/photos/britishlibrary/11075024114/in/album-72157639959761466,"book-cover,1860s,kjøbenhavn"
"Grande illustrazione del Lombardo-Veneto, ossia Storia delle città, dei borghi, communi, castelli, ecc. fino ai tempi moderni, per cura di C. Cantù e d'altri letterati. Seconda edizione",https://live.staticflickr.com/2886/11055679594_038677a4e4_b.jpg,"Cantù, Cesare, 1804-1895, Milano, 1858",https://www.flickr.com/photos/britishlibrary/11055679594/in/album-72157639959761466,"book-cover,1850s,milano"
"Grande illustrazione del Lombardo-Veneto, ossia Storia delle città, dei borghi, communi, castelli, ecc. fino ai tempi moderni, per cura di C. Cantù e d'altri letterati. Seconda edizione",https://live.staticflickr.com/3678/11055534366_a4c70376e1_b.jpg,"Cantù, Cesare, 1804-1895, Milano, 1858",https://www.flickr.com/photos/britishlibrary/11055534366/in/album-72157639959761466,"book-cover,1850s,milano"
"La Terra, trattato popolare di geografia universale per G. Marinelli ed altri scienziati italiani, etc [With illustrations and maps.]",https://live.staticflickr.com/2877/11246954156_1a3fc97833_b.jpg,"Marinelli, Giovanni, Professor of Geography at Padua, Milano, 1898",https://www.flickr.com/photos/britishlibrary/11246954156/in/album-72157639959761466,"book-cover,1890s,milano"
"The British Colonies; their history, extent, condition, and resources",https://live.staticflickr.com/7298/11035978915_b7a2206300_b.jpg,"Martin, Robert Montgomery, approximately 1803-1868, London ; New York (England ; United States of America), 1851",https://www.flickr.com/photos/britishlibrary/11035978915/in/album-72157639959761466,"book-cover,1850s,london-new-york-england-united-states-of-america"
"The British Colonies; their history, extent, condition, and resources",https://live.staticflickr.com/7300/11036695085_d62fb62a60_b.jpg,"Martin, Robert Montgomery, approximately 1803-1868, London ; New York (England ; United States of America), 1851",https://www.flickr.com/photos/britishlibrary/11036695085/in/album-72157639959761466,"book-cover,1850s,london-new-york-england-united-states-of-america"
"The British Colonies; their history, extent, condition, and resources",https://live.staticflickr.com/5544/11037778383_e44976064f_b.jpg,"Martin, Robert Montgomery, approximately 1803-1868, London ; New York (England ; United States of America), 1851",https://www.flickr.com/photos/britishlibrary/11037778383/in/album-72157639959761466,"book-cover,1850s,london-new-york-england-united-states-of-america"
Bilder aus der Deutschen Kulturgeschichte,https://live.staticflickr.com/7407/11152338073_2b37bae8a9_b.jpg,"Richter, Albert, of Leipzig, Leipzig, 1882",https://www.flickr.com/photos/britishlibrary/11152338073/in/album-72157639959761466,"book-cover,1880s,leipzig"
"La Terra, trattato popolare di geografia universale per G. Marinelli ed altri scienziati italiani, etc [With illustrations and maps.]",https://live.staticflickr.com/7434/11248157646_50114c7783_b.jpg,"Marinelli, Giovanni, Professor of Geography at Padua, Milano, 1898",https://www.flickr.com/photos/britishlibrary/11248157646/in/album-72157639959761466,"book-cover,1890s,milano"
"Grande illustrazione del Lombardo-Veneto, ossia Storia delle città, dei borghi, communi, castelli, ecc. fino ai tempi moderni, per cura di C. Cantù e d'altri letterati. Seconda edizione",https://live.staticflickr.com/7307/11056126893_43c9d3687f_b.jpg,"Cantù, Cesare, 1804-1895, Milano, 1858",https://www.flickr.com/photos/britishlibrary/11056126893/in/album-72157639959761466,"book-cover,1850s,milano"
"The British Colonies; their history, extent, condition, and resources",https://live.staticflickr.com/5512/11034994354_d07a6fc7a1_b.jpg,"Martin, Robert Montgomery, approximately 1803-1868, London ; New York (England ; United States of America), 1851",https://www.flickr.com/photos/britishlibrary/11034994354/in/album-72157639959761466,"book-cover,1850s,london-new-york-england-united-states-of-america"
"The British Colonies; their history, extent, condition, and resources",https://live.staticflickr.com/2863/11036771004_f7d17a9380_b.jpg,"Martin, Robert Montgomery, approximately 1803-1868, London ; New York (England ; United States of America), 1851",https://www.flickr.com/photos/britishlibrary/11036771004/in/album-72157639959761466,"book-cover,1850s,london-new-york-england-united-states-of-america"
"Grande illustrazione del Lombardo-Veneto, ossia Storia delle città, dei borghi, communi, castelli, ecc. fino ai tempi moderni, per cura di C. Cantù e d'altri letterati. Seconda edizione",https://live.staticflickr.com/5533/11053958936_5190df3423_b.jpg,"Cantù, Cesare, 1804-1895, Milano, 1858",https://www.flickr.com/photos/britishlibrary/11053958936/in/album-72157639959761466,"book-cover,1850s,milano"
Was man von der Erde weiss. Ein Lehrbuch zur Selbstbelehrung für die Gebildeten aller Stände,https://live.staticflickr.com/3834/11050310946_1776e5643f_b.jpg,"Berghaus, Heinrich Carl Wilhelm, Berlin, 1856",https://www.flickr.com/photos/britishlibrary/11050310946/in/album-72157639959761466,"book-cover,1850s,berlin"
"Im dunkelsten Afrika ... Aus dem Englischen von H. von Wobeser, etc",https://live.staticflickr.com/3704/11205278055_9cb49f25f5_b.jpg,"Wobeser, Hugo von, Leipzig, 1890",https://www.flickr.com/photos/britishlibrary/11205278055/in/album-72157639959761466,"book-cover,1890s,leipzig"
"Stanley in Afrika's donkere wildernissen, etc [Translated from 'In Darkest Afrika' by H. Tiedeman.]",https://live.staticflickr.com/3807/11203135735_1473d83586_b.jpg,"Tiedeman, Frederik Hendrik Lodewijk, Arnhem ; Nijmegen, 1890",https://www.flickr.com/photos/britishlibrary/11203135735/in/album-72157639959761466,"book-cover,1890s,arnhem-nijmegen"
"Stanley in Afrika's donkere wildernissen, etc [Translated from 'In Darkest Afrika' by H. Tiedeman.]",https://live.staticflickr.com/3824/11207188924_3a3ae5de19_b.jpg,"Tiedeman, Frederik Hendrik Lodewijk, Arnhem ; Nijmegen, 1890",https://www.flickr.com/photos/britishlibrary/11207188924/in/album-72157639959761466,"book-cover,1890s,arnhem-nijmegen"
"Grande illustrazione del Lombardo-Veneto, ossia Storia delle città, dei borghi, communi, castelli, ecc. fino ai tempi moderni, per cura di C. Cantù e d'altri letterati. Seconda edizione",https://live.staticflickr.com/5544/11056012105_7c4c466b67_b.jpg,"Cantù, Cesare, 1804-1895, Milano, 1858",https://www.flickr.com/photos/britishlibrary/11056012105/in/album-72157639959761466,"book-cover,1850s,milano"
"Grande illustrazione del Lombardo-Veneto, ossia Storia delle città, dei borghi, communi, castelli, ecc. fino ai tempi moderni, per cura di C. Cantù e d'altri letterati. Seconda edizione",https://live.staticflickr.com/3744/11055468763_10812163d2_b.jpg,"Cantù, Cesare, 1804-1895, Milano, 1858",https://www.flickr.com/photos/britishlibrary/11055468763/in/album-72157639959761466,"book-cover,1850s,milano"
"Grande illustrazione del Lombardo-Veneto, ossia Storia delle città, dei borghi, communi, castelli, ecc. fino ai tempi moderni, per cura di C. Cantù e d'altri letterati. Seconda edizione",https://live.staticflickr.com/5544/11054013415_0a61179c8f_b.jpg,"Cantù, Cesare, 1804-1895, Milano, 1858",https://www.flickr.com/photos/britishlibrary/11054013415/in/album-72157639959761466,"book-cover,1850s,milano"
"La Terra, trattato popolare di geografia universale per G. Marinelli ed altri scienziati italiani, etc [With illustrations and maps.]",https://live.staticflickr.com/7422/11246374414_1f6b98bdcd_b.jpg,"Marinelli, Giovanni, Professor of Geography at Padua, Milano, 1898",https://www.flickr.com/photos/britishlibrary/11246374414/in/album-72157639959761466,"book-cover,1890s,milano"
"La Terra, trattato popolare di geografia universale per G. Marinelli ed altri scienziati italiani, etc [With illustrations and maps.]",https://live.staticflickr.com/2851/11248092425_3fda1a1da6_b.jpg,"Marinelli, Giovanni, Professor of Geography at Padua, Milano, 1898",https://www.flickr.com/photos/britishlibrary/11248092425/in/album-72157639959761466,"book-cover,1890s,milano"
Prayers and Meditations of Queen Katherine Parr - caption: 'Embroidered back cover',https://live.staticflickr.com/3783/12458993463_d1d9aa1067_b.jpg,,https://www.flickr.com/photos/britishlibrary/12458993463/in/album-72157639959761466,book-cover
